"0","tamaramorrison@hotmail.com","pbkdf2:sha256:260000$aCQMQ9ju0fdg7Ypr$800857f07ae97bbfc17538fad692d0a8223ec850d823c52a85cbf27ffd8111d3","Gary","Cross","1945-12-14"
"1","martha10@hotmail.com","pbkdf2:sha256:260000$nHsfvmocVb3FfPWg$8b55d4c6ef526db584403df163f70264447405119d92814384510be22fb567cd","Denise","Thornton","1909-09-30"
"2","deborah64@gmail.com","pbkdf2:sha256:260000$vfrIwPYeM5PFVhch$ec01534d0db60e82c716b9da0e71548931b7da4c63f108ca01bd8af912dafff4","Jeanne","Green","1983-02-06"
"3","franklinjames@yahoo.com","pbkdf2:sha256:260000$273hnaUcB8KRC0Dv$1582ac9045cfa1b6e29370df3758a193cf429a0d809a5ae05f64025039a5cfbf","John","Hoffman","1944-11-28"
"4","samanthasims@yahoo.com","pbkdf2:sha256:260000$kWQDHTvpenkHunUT$b34bdba14c7ae877ba3a0b83ffaa974a1bfde72d91b290f71b9e71a34e40c653","Timothy","Parker","2016-07-07"
"5","taguilar@hotmail.com","pbkdf2:sha256:260000$1tenqUwQjYjtGfET$ea45b8e8073e142eeb17a8069ec24c447355d4c6934d1773bc536f9ddd04f82f","Linda","Freeman","2016-08-22"
"6","georgedavid@yahoo.com","pbkdf2:sha256:260000$MRwgMcI17wp3pPQX$d50d71afd4b8b9a6fe622ec7c508d26ef89584e89fc412c90ddbd7aa8115ab7c","Sandra","Brown","1921-02-18"
"7","chad50@yahoo.com","pbkdf2:sha256:260000$r7WvhhANZkcxKg7O$26d7f008f68f1c0d2ad72ff2dd3f38fd807a628339c14ce51b200ac1d33e37b8","Paula","Wilkerson","1954-02-24"
"8","jyang@hotmail.com","pbkdf2:sha256:260000$xa4VT24AWJZ8m7tG$e402f738518b25ecb69f74d60caf4fdf09f912595d4c4694b3b511928d3f0ba8","Willie","Garcia","1964-04-06"
"9","bramirez@gmail.com","pbkdf2:sha256:260000$yLXuBiFKQCfuIC2o$860c93223c5baf3f5f483d051aa55a2625aa32a31149dc7c879fdcb0414b616f","Michael","Montgomery","1943-07-24"
"10","kellypeter@gmail.com","pbkdf2:sha256:260000$NqtZ36f1eJrp0Zhe$c3608f8a4372d75b5d4d220a53c28395494c0dc354d70216664e6ba957324d81","Melissa","James","2021-12-22"
"11","tarasanders@gmail.com","pbkdf2:sha256:260000$O9lhHVkug7Dm0T9s$87241a61e656b0e118546674ea73749b59c575b0ef46f62490f96c94494cbeae","Lisa","Bush","1968-07-20"
"12","virginia18@yahoo.com","pbkdf2:sha256:260000$fRhkl8qYQPic3T8W$78731325dc2b4cd3febabefe37d73f928d9301928873f61b3ec6325ccd143de0","Bruce","Miller","1989-11-01"
"13","jensenanthony@hotmail.com","pbkdf2:sha256:260000$fhWK82k4Xwd9paLz$e5db6e337ca3c1402e3e7fea9ea1972757ca3d4cca12ac0f1bbd25a401a26198","Mark","Burnett","1955-08-11"
"14","kmalone@gmail.com","pbkdf2:sha256:260000$gZ7YUgTHC4ifDgY4$8d443bc8369f23552292d235c20d2140b07fae2e10ed09858963ff49f0c347c7","Courtney","Valdez","1962-06-17"
"15","kingerin@hotmail.com","pbkdf2:sha256:260000$ld0PZ7gfkwRDaoG2$d563ff6098913fa2a6db2a7e2e28d1e28ceed9279fabe8190938196aee9e3b0d","Henry","Moss","2012-05-28"
"16","meganbrady@gmail.com","pbkdf2:sha256:260000$EHBfFhDoXA830Lwu$326540a00c91130622f3745516fc98b37418ccd3acb3e0e465eba78ea48bff83","Amy","Fowler","2013-08-05"
"17","kgomez@gmail.com","pbkdf2:sha256:260000$lDbmrFcUjMvHyN7I$14438bad82beb20f614297d00ba27b1d054d93a036080d5178816d18460c0a13","Tammy","Reilly","1983-08-15"
"18","thomaspeters@hotmail.com","pbkdf2:sha256:260000$HLEUY2dFAboSrC53$872700cb7b62175c13c5d02b8309c58eb9b007f8cad3e242204c60fcc4252a40","Robin","Harris","1918-01-07"
"19","susan06@yahoo.com","pbkdf2:sha256:260000$O2DVUC5odFLjzBYu$cf7244f63c9f38758f045f66ba9c56ce83ba3f51b4bd9819ab25238857eb0c65","Jared","Vaughn","1928-02-25"
"20","william86@gmail.com","pbkdf2:sha256:260000$wGaZR9rPFavMf1xh$76053e08cfcd97eaacd4a0c8d19ec58a854414fd460b2362c1a659294ae9d467","Lauren","Mcdaniel","1924-06-20"
"21","michaelanderson@hotmail.com","pbkdf2:sha256:260000$9QcF2d8QEbKndOvk$a37d253d70b39937b5df766cbb7473be14f84bdb14f22348b670a79623035904","Brian","Richardson","1955-05-21"
"22","deleonwilliam@gmail.com","pbkdf2:sha256:260000$lYzPdBvSWGjNHwxl$70eb7b530213e5ed694b481b9ce58f37f0953425f0f69beb52ba920e3916f2d9","Maria","Harris","1910-04-24"
"23","joshua07@yahoo.com","pbkdf2:sha256:260000$Oeyo9ZqCvbrakqNn$922c5066fa5ee11e0206010bb309a936385200abddc642c6421a75152d796033","Heather","Davis","1976-01-28"
"24","leonardsutton@gmail.com","pbkdf2:sha256:260000$MzE2gukS3c9metRq$3d781658bb76cd02e85741ad9761c214a86bb32ff586ccc0b5fcafe382f9f0b1","Patrick","Spears","1971-01-04"
"25","hromero@hotmail.com","pbkdf2:sha256:260000$FSuPTyTlVBGN3eJB$45fcd5def69e8ba9250e9924b347b52750d72a1d38f0d87e740c8cb91432dd39","Debra","Aguilar","1921-03-01"
"26","angela30@gmail.com","pbkdf2:sha256:260000$1fPQFfs8YlfLaa7d$f57edf396ef47841293bf5d202c0b8a6d9a2e1a0f035e3ab67a3c6799776a137","Cody","Crawford","1915-04-12"
"27","ygraham@hotmail.com","pbkdf2:sha256:260000$QOwrJz4EKNCMKghI$d3c28a01c52085bda68355cf921cf13c007f916893c9294e95b6e6aa243a5002","Cynthia","Faulkner","1910-02-09"
"28","millerlori@yahoo.com","pbkdf2:sha256:260000$6Onfm7ZDUMPf9Lhy$e323070ba08694461cf1c86d6799b1d4bcf86704f8ffea4a0fa28491b45bbe53","Kelly","Casey","2002-12-10"
"29","pmartinez@yahoo.com","pbkdf2:sha256:260000$rxjmmj4kJNGFpAyA$51c700e6dbd8b45eecd7e25609a6e60c0abbe8df4c7167a589b94c072c2107b3","Thomas","Patel","1945-02-20"
"30","stafforderic@gmail.com","pbkdf2:sha256:260000$4DH8zIEwz90Q76y4$3637cbb95daa16f8c6460b983f3c589582abb5668e8753b95d63afcecab78be9","Johnny","Martinez","2007-08-15"
"31","smithsabrina@gmail.com","pbkdf2:sha256:260000$HtRQwY962x2cZ4OP$dbfc44d560e6298b29f4420f17c5b641216b5bebce99756974e8850f23f8b40d","David","Turner","2019-12-09"
"32","rmiranda@hotmail.com","pbkdf2:sha256:260000$7unyiyhGV5AdUJLF$5e21d6b1656dcd4c091362e2044262f092469086de95f0447a9595985416b299","Evelyn","Hendricks","2017-06-09"
"33","millersamuel@yahoo.com","pbkdf2:sha256:260000$Nqn1PgGL87ApTBOV$9f6a342a130ca0600a145b928a64d01d95b97f4861451b4874700d86669ebeec","Paula","Walter","1980-08-06"
"34","cherylstewart@yahoo.com","pbkdf2:sha256:260000$ROhg2uvROw6nddry$541ca0d701e72d147e18e81102d99ab509a7d2588dd55f399022efd1dea3946a","Derrick","Webb","1965-04-26"
"35","santanajimmy@gmail.com","pbkdf2:sha256:260000$EzJnNkIaeGM0vsQA$009704d75647d3988667a8f763616fe55d43c38e6b68979cb424d088486216fd","Patrick","Graves","2014-02-22"
"36","stephenbeck@yahoo.com","pbkdf2:sha256:260000$d253wtbBjxL00xy0$fb1a5992857568ea19f9aff9960c46cd66c71d5d39656fabe59c832fda6a0613","Leah","Bell","1938-04-21"
"37","palmercassandra@hotmail.com","pbkdf2:sha256:260000$la7JPSlzawxv9Kh3$14f185a04381953cd59af67c2f9330f5a922130c422e79786448a8f2c6caab31","Dalton","Fritz","1985-04-23"
"38","alisongreer@yahoo.com","pbkdf2:sha256:260000$MfJC2JBKZU84G41y$babc99431677acc370e80b93d0406fb5ff26a7a0edbd87d6ee3a164a4b920b88","Madeline","Stevenson","1954-06-05"
"39","jasondavis@hotmail.com","pbkdf2:sha256:260000$gaEkaXKmRclHVBji$75ef222f7a6eb4d631701efab067a5729005183622ff510796967b613edbbdc6","Valerie","Charles","1926-05-27"
"40","markchan@gmail.com","pbkdf2:sha256:260000$mI8dvtK0M8uojbuv$d5d4a52d09a00e057548e03955e1c7e2fae28c34d2a2849a1009900f4bfdc043","James","Scott","1994-01-14"
"41","castroallen@gmail.com","pbkdf2:sha256:260000$i5K7TEQb79mARtkV$cd702ca9b039f9daffdd3f42f5db70040626d25232ad9355bf4943878050e211","Jennifer","Garcia","1920-06-22"
"42","caleb01@yahoo.com","pbkdf2:sha256:260000$imj97UPHwTpavMwO$564cc727eac21b48923868acc9c9eeea3ddb3190907de90d0b87c0caac3c19aa","Keith","Jones","1958-05-16"
"43","guerrerothomas@hotmail.com","pbkdf2:sha256:260000$78DIEKzPxihMpMEr$f3e8498e81dd6164705b51df3767978204e7dbc8c3ecbdb25291267856d82dc2","Lori","Moore","1945-04-18"
"44","allison58@hotmail.com","pbkdf2:sha256:260000$Ccza53UoCvagpQ3k$dd1cae5a69e0a68ed7e447a46d0625d9b139b1105645a64f4ccfbef6e99f4134","Ariel","Freeman","1984-08-19"
"45","jeremy24@yahoo.com","pbkdf2:sha256:260000$wLs3r8xTRYVSmr4p$34e8ecb01aa4b87692e370da5bcbd0ffb55a98ae7ff811360b40c89e61d985de","Randy","Bernard","2018-10-05"
"46","johnny46@hotmail.com","pbkdf2:sha256:260000$fhBuBacT8USY8PWA$c785c087df1d0e2c79402140bd4d878683e3de071bf31b884a39ba7eb876545a","Timothy","Kerr","1976-09-26"
"47","james07@yahoo.com","pbkdf2:sha256:260000$WkX9CGA7s3ODcLg1$f53d93a8dda7b4c171b6e1897f80bd09320bd3d50803539a8076c64790cb7b07","William","Crawford","1917-06-01"
"48","marquezpaula@hotmail.com","pbkdf2:sha256:260000$SJodhtKdClIyJGKr$63a6d2c398ce98b831ceae8d71497bf4467ab2954041e8493a4600cbfa17494d","Jonathan","Davis","1921-03-13"
"49","josephmason@hotmail.com","pbkdf2:sha256:260000$rUdUIc6JQ7HbKt4T$2cb5f75b1e4f5f574a27a4185dd0db94f3e989d579f9899a001438694f51a85d","Kathryn","Noble","2020-03-16"
"50","richard56@yahoo.com","pbkdf2:sha256:260000$AfwNNdHEIW1UAEDG$d1e0cb07d90cbe799cb0dac8ee0cc8227fd7f0dad962c3e96e218af27a942ddb","Daniel","Cortez","2001-08-17"
"51","fosterbryan@yahoo.com","pbkdf2:sha256:260000$bwfWguefv1RZmiM9$283dbdd6807f4b2f6835f0b93ceb741a60ee5cf51fcafb6862c01a4caefcf402","Kenneth","Boyd","1966-01-13"
"52","anthonyvincent@yahoo.com","pbkdf2:sha256:260000$btQX4ED1hyTsVoNZ$96da57f99d71656ffc6501e05258b4402e057c0de80520cf703fe7bb41c53848","Renee","Moore","1942-10-10"
"53","sawyersamuel@yahoo.com","pbkdf2:sha256:260000$ioa5dbd9eXc1jxa4$6086a483ef51567aad6a88d5a4f0acc4bf60ffcac11434d35decde5d7d2865c6","Alyssa","Farley","1935-11-26"
"54","gstone@yahoo.com","pbkdf2:sha256:260000$ikH9JZGiRu0ponKX$3e555ea4ce1e60beaac50cff9829dc3df087d0f1fae6b4b8772524ec5ade0ada","Alexis","Williams","1987-11-24"
"55","kevinflores@gmail.com","pbkdf2:sha256:260000$oI9Ku1S9Yr5r13gh$01aac2eb259d9ccb29c31a40796eaf59d189d9436e1f1114e443205b057440b6","Jasmine","Castro","1991-01-27"
"56","gordon43@hotmail.com","pbkdf2:sha256:260000$B4hPDOD2vlILwVfk$db809aa47039dc7d0603c08ec0143c8d8dc812d919b7ac2f7537a64b54944cbe","Joseph","Williams","1985-10-11"
"57","kennethwashington@gmail.com","pbkdf2:sha256:260000$9XLdd9qmvmeGvCZW$69e1e2590b179b736cd9a7caf2348a9fe7f8bd3bb30f3586689bf52801d92fba","Jennifer","Marsh","1965-08-10"
"58","hamiltonchristopher@gmail.com","pbkdf2:sha256:260000$R8Wl3L9mYKcjIgbw$391dcc0a5d7344085d46681f9611a2ebc3c8c475e53980e4a55b16c4cb9403e6","Anne","Michael","1913-09-15"
"59","nsmith@hotmail.com","pbkdf2:sha256:260000$rc5JB0iJ4Ibgeys4$dfd4897795a1a2e7f6cb2c1cb424121a9c38cfad9181b9ed7f3adf569234a47f","Joshua","Duke","1978-02-16"
"60","jennaarnold@yahoo.com","pbkdf2:sha256:260000$yvcXVbrmXasMTNxD$689dffa2c6278609130f3cfd4a2dbe815196e7f7b433740b9d51b2f97e4a4116","Susan","Turner","1970-04-16"
"61","scottzimmerman@hotmail.com","pbkdf2:sha256:260000$2yLppVzNeG29c0v6$d724e11ad2343639191af6b2bda28e773a5dc63664f8bf83b5a99c00d297697a","Julie","Dominguez","2018-02-05"
"62","bonnie89@gmail.com","pbkdf2:sha256:260000$T9PC2aLRFUVYLsTP$6ac2d2e6e0c4033fec7da271a4d85e84e5060d168c3e60e7f74b208afe850ee9","Dwayne","Osborne","1990-09-14"
"63","cindy30@gmail.com","pbkdf2:sha256:260000$cbe5PAWRueQAomLI$94798a3619ee822e6b7e2a661b89729146a89b579333d3284a9e52dcd14f162a","Antonio","Thompson","2022-10-04"
"64","qhenderson@gmail.com","pbkdf2:sha256:260000$SuriqsJGDjrBLNKy$deb240be827bde65514615f3376f0e0a0214d084c384f02ee6c985a4eaac8ac0","Yolanda","King","1987-06-15"
"65","nancyturner@hotmail.com","pbkdf2:sha256:260000$8SODbNHJKPrLkQTj$efb69a5b1d74d597b4a45552692a0ef5c98ebead6d893430e727286352ba6e84","Richard","Woodward","1915-08-21"
"66","bradley51@hotmail.com","pbkdf2:sha256:260000$mf24DWIfimQA4Nke$971aa7e0ef41d6c88d1514403373414feb64ce5034d2c7abded49759d8ec012e","Jeremy","Costa","2000-09-14"
"67","matthewpetersen@hotmail.com","pbkdf2:sha256:260000$Yv34VXYZ1CUGE5lc$f85a2bc3c825616f0569f51be499b418d9206d8272cffd00f7617719db109d10","Robert","Dunn","1948-02-20"
"68","uhill@hotmail.com","pbkdf2:sha256:260000$o2QLrdLoAVJd5XhF$9b3ce0ddebe45adeeda24a0009ed5a6ff84f1dedb13854c7e3c54de5af3de284","Tonya","Andersen","1909-07-27"
"69","lisa79@yahoo.com","pbkdf2:sha256:260000$rH6yIDJKHF1gTXBc$34799edaaff3b3156012321ba1e39f6ff99f7e81aa1f21cf1970d61959d19c1d","Stephen","Bernard","1944-10-11"
"70","richardsonjerry@yahoo.com","pbkdf2:sha256:260000$MFoatBX5nYscWG6w$759466eb97f059cb4675aca0904d49158a2a33b63b43f86fda7ae04608ac9a49","Amanda","Gonzalez","2011-06-27"
"71","jmcmahon@gmail.com","pbkdf2:sha256:260000$ZyLoTDyI7QWIS0rq$a3b463d8609ccc330e04211b824b1cbd3175a5a1adf755ab4791f586faeae1a2","Jimmy","Walker","1978-03-27"
"72","wrightkaylee@hotmail.com","pbkdf2:sha256:260000$qh1QufdMGqxPuZYt$4911731b3271cd25e0dd993e01b0cb11b78ccf0aaa1f30a6233db1c951f06cc6","Austin","Holland","1919-04-09"
"73","danielbernard@gmail.com","pbkdf2:sha256:260000$T3mMOFG3d5PMlK30$0fc0ef24d71a35cc1c0c4fa6012804911776b7ae31d836f7816c326dddc2c97e","Molly","Fuller","2018-05-15"
"74","wbrown@gmail.com","pbkdf2:sha256:260000$nyjN2hXxNgCGabeW$51a254ff7932d81d52749d2d1b09f008d25666217be068850dbe1a442ab911c0","Doris","Kaiser","1969-08-30"
"75","ofernandez@yahoo.com","pbkdf2:sha256:260000$Z9ATUsdUFPDonbtL$d0cf474d129e8bf14b41ce985e7ce673f39408bf1662e907cc85a495a7634995","Tyler","Curtis","1949-12-21"
"76","conradthomas@yahoo.com","pbkdf2:sha256:260000$o2ZhucQk5gFfKlXY$20379f04012bb1008dc01a476b1fdfd64c5de2d8889325d09ddfa2b34cbfbb37","Angela","Tucker","1959-09-01"
"77","savannahsoto@hotmail.com","pbkdf2:sha256:260000$KztRGGAdL6MGZsgS$bed92290a7b3385fd7159d956b425ece59a9ce861714a8aea88e09a489794631","Robert","Gould","2001-07-15"
"78","debra49@yahoo.com","pbkdf2:sha256:260000$ZvgiyzlcQSBLM3G8$e0fa3ba96779a4549c38ab794857b091a5fcefffabccc363484cfedeeb7b8f79","Cody","Morris","2021-09-17"
"79","edward63@gmail.com","pbkdf2:sha256:260000$n5zcm0bcKEmWJSrq$57217b26627115113e40b22662a75f26886fa518ae9d9f3a51408434cbc2e3e7","Valerie","Jacobs","2019-08-11"
"80","deborah77@gmail.com","pbkdf2:sha256:260000$ZAxnZoq4eZYcAP75$0b355d1fcb4220ad021c54279bf01c92dcd0a2408912248ec3ade8bdb1311d7e","Deanna","Holt","1992-09-02"
"81","opoole@hotmail.com","pbkdf2:sha256:260000$89l2Lbyon8vsx1rM$c3f0eda25705a10e664ed0052a30cffb5344bd119fba787e00bcf0a7cc9276e6","Larry","Palmer","1980-01-13"
"82","dwells@hotmail.com","pbkdf2:sha256:260000$qAQfgsJwK6DxSmI4$54d699b4d466d5b8ede6a8edec42be7d8948bf607d96ae78a321186b8c47f437","Kristina","Higgins","1931-08-03"
"83","qstephenson@hotmail.com","pbkdf2:sha256:260000$UfHEJBwuyiYPupic$03f560c9b0a347a2e3d9aa2bea03b512a5c105bc5622f0e36310174b56b57f29","Shawn","Matthews","1925-02-18"
"84","jeffreysmith@gmail.com","pbkdf2:sha256:260000$RqfS2AW8kglo29rG$f372de7761cfbb4da99886f3c0384e2d5b613f6c06c809170fbbd6bed418548f","Samantha","Parrish","2001-11-26"
"85","marydaniel@yahoo.com","pbkdf2:sha256:260000$U9yaVC33ypR5FCkO$d80afa64dab3e2e20a5e568ae3ed46e944e08988e02516e1d8ba7367b03658e0","Tonya","Jacobs","1947-03-23"
"86","jerrybrooks@hotmail.com","pbkdf2:sha256:260000$VAJhmKVVHa6Necek$b1d0aee4944b194e6f99b373747257b8fdd0c123800753284f069a25bbbfde5a","John","Beck","1968-08-02"
"87","mcbridemary@gmail.com","pbkdf2:sha256:260000$RavpH69gpeYq5gCD$051946f25082729be10ff7901c3f02d69d6959a9f36ecfbd35ef58c20a266c2d","Laurie","Underwood","1927-11-22"
"88","ycolon@yahoo.com","pbkdf2:sha256:260000$YUhw06nX61CNu8kx$075fb828d17d4e900d2f961bb81f2bf0ec22af774ddbf6f9a9093043408d2aaf","Linda","Orozco","2018-12-08"
"89","michael74@yahoo.com","pbkdf2:sha256:260000$Zm1CJDrNqqgvmXzc$8323251d19d8930bf8110aeea9244185c885eaae6cece684b50f6262d053ed71","Kimberly","Park","1983-09-10"
"90","dillonwest@yahoo.com","pbkdf2:sha256:260000$5HzwETUOEztke534$cab97c85b068c18e00904ad8e72844b2dd505cb72684f3515b9adf6ed504a556","Cynthia","Lyons","2017-12-26"
"91","sarabender@hotmail.com","pbkdf2:sha256:260000$SNH3BA19xRvFMAGM$432a735dc36fbc64a3f608c0a8794d10856c24aef8c524dfb4513b65fece2e29","Daniel","Hall","1907-05-10"
"92","jeremy83@hotmail.com","pbkdf2:sha256:260000$3xWdmkO5HHFRQOnA$c812924cb80b09aa42fed2ca912b7541247e390f074343bd5787544bc2e9fd48","Spencer","Duncan","1932-09-28"
"93","jonathan73@yahoo.com","pbkdf2:sha256:260000$AOcAzjljO3ynJvmL$d24d507dd30418b57a7d22bcf029603f1131fa0ca05a448fed2682df682bca2f","Cheryl","Acosta","1999-02-25"
"94","alexandramitchell@gmail.com","pbkdf2:sha256:260000$QdgLKehvEmvmF13E$74b592966f225ad6f8c2fbc2ffaf127475447736d395fe10fdeb3b040da06de6","Matthew","DDS","1908-08-10"
"95","mathew17@hotmail.com","pbkdf2:sha256:260000$gHLaGTdK421C0CAX$f048dd9ad5d8896ebc78378b8affa14ea81a548f1563f736e49ba8b20864625c","Angela","Peterson","1914-11-27"
"96","pgriffin@yahoo.com","pbkdf2:sha256:260000$TSah2faHNI5TUDl6$060040b8111453ecd18ea643adbddaac18be653a8edbcb75e84c1bbe74b35ee9","Adrienne","Friedman","2001-10-29"
"97","kennethwilliams@gmail.com","pbkdf2:sha256:260000$ZP0VVq6KAHbDcvpZ$20a515a089fc4373521fd463611810d84de842ae198f507c2fb42eaff41072ee","Donald","Thompson","2022-06-25"
"98","shawnharris@gmail.com","pbkdf2:sha256:260000$1oQvPQkn5fpHDoEO$bbd173c2d3eed032cef75e96c99d94d9e4a77166a3085fe910f0ccdb35149e9f","Bryan","Scott","1978-12-12"
"99","danieltucker@hotmail.com","pbkdf2:sha256:260000$I91fp5TasPI3D0iT$4a804ef463bf2250dc25319a204eef014c1739a670786769faeacf4610e5cd09","Jessica","Miller","1997-06-04"
