"51","Wear eye","1995-08-14 15:18:14"
"61","Customer boy","2019-10-09 22:19:38"
"30","Head little","2010-04-07 11:24:37"
"59","Style approach","2009-04-01 17:12:16"
"37","Country accept","1979-04-08 15:20:05"
"50","Although","1996-11-03 14:16:33"
"94","Represent particularly","1985-08-06 04:58:51"
"98","Show","1973-08-26 18:48:02"
"71","Enjoy family","1975-05-14 21:05:32"
"7","Person","2005-05-30 04:10:20"
"14","Any nearly","1986-04-11 15:48:50"
"41","Offer","1989-04-06 03:42:52"
"91","Name","1976-09-22 10:55:31"
"74","System","1996-08-08 05:42:13"
"97","Number","2016-08-25 06:51:34"
"35","Discover family","2015-06-09 19:56:59"
"16","Scene such","2020-10-25 10:59:32"
"82","Arm","2007-04-24 03:27:12"
"85","During","1989-12-04 19:26:54"
"45","Owner pretty","1975-01-16 19:06:07"
"69","Increase yard","1997-07-07 12:30:32"
"5","Especially summer","1984-07-14 06:00:56"
"42","Drive","2003-10-26 18:07:25"
"77","Single professor","2018-12-25 02:01:56"
"57","Believe final","2020-07-17 18:47:52"
"10","Shoulder environmental","2009-06-12 18:26:53"
"15","Machine","2019-09-19 18:34:07"
"25","Policy","1970-10-22 05:03:26"
"65","Material","2004-07-06 09:34:46"
"54","Property spend","1982-06-05 02:26:54"
"95","Wind trial","1970-08-21 23:01:10"
"88","Successful right","1970-12-31 00:35:42"
"6","Plan","1995-03-14 13:49:20"
"92","Radio","1981-01-07 07:43:15"
"20","Interest begin","1971-12-16 10:39:59"
"49","Create","1975-01-16 02:13:44"
"53","List","1998-08-11 08:08:07"
"79","Apply","2008-08-25 21:24:47"
"72","Significant candidate","2021-03-11 11:19:20"
"68","Mouth","1976-02-21 08:12:59"
"21","Show evidence","2015-06-18 15:48:44"
"8","Around","1976-12-13 08:31:51"
"75","Civil","2013-11-26 18:33:17"
"67","Individual son","1986-09-20 03:56:55"
"40","Possible culture","2014-08-25 00:55:26"
"11","Happy spring","2021-01-22 00:28:56"
"1","Second still","2012-02-06 00:38:10"
"96","Increase","2000-10-19 18:18:23"
"80","Development","2018-02-17 08:33:25"
"26","Loss","2007-05-29 19:58:27"