"0","4","Him","1984-08-10 07:21:00"
"1","71","Sister let","2016-04-08 14:46:44"
"2","88","Book","1980-03-27 00:15:48"
"3","80","Forget","1990-06-07 19:49:13"
"4","66","Let majority","1990-05-29 04:30:59"
"5","49","Other sit","2016-04-05 14:51:31"
"6","68","Build learn","1998-06-07 22:16:27"
"7","64","Fact mission","2014-03-22 23:08:37"
"8","29","Follow","1983-01-31 00:27:00"
"9","89","Fund somebody","1982-12-15 23:57:53"
"10","73","Return","1981-12-13 17:44:21"
"11","53","Find before","2005-09-05 07:23:58"
"12","2","Here","1998-08-18 16:46:33"
"13","25","Hundred","1982-03-14 06:55:16"
"14","74","Time","2004-05-10 21:12:25"
"15","25","Through","2005-04-30 12:29:47"
"16","53","Job too","2021-12-29 04:06:26"
"17","10","Support","2008-02-29 23:55:03"
"18","40","For state","2002-06-02 15:35:39"
"19","50","Exist early","2015-01-16 12:35:06"
"20","60","Painting develop","2011-08-06 15:39:14"
"21","46","Congress that","1992-03-15 08:08:06"
"22","70","Future indicate","2001-03-28 04:17:23"
"23","46","Behind","1974-10-05 09:42:43"
"24","57","Decide","2019-11-28 10:35:41"
"25","67","True never","2004-05-12 03:08:27"
"26","82","Near","2019-03-15 22:28:40"
"27","26","Available we","1984-11-04 15:05:20"
"28","58","Door","1978-05-02 02:44:27"
"29","88","Foreign oil","1997-07-08 22:10:50"
"30","41","Make","1980-05-23 12:29:06"
"31","11","Simply","2006-11-13 05:57:26"
"32","26","Them do","1981-02-05 23:07:05"
"33","68","Ball continue","1976-05-14 09:32:52"
"34","30","From everybody","2005-11-07 07:30:49"
"35","3","Six","2021-11-05 11:16:26"
"36","97","Court","1975-01-19 08:00:02"
"37","77","Easy","1994-03-26 00:24:49"
"38","58","Yard majority","1982-08-28 05:44:23"
"39","92","Many","2021-04-05 04:57:53"
"40","56","Tell cover","2008-01-16 22:47:38"
"41","66","Myself policy","2012-07-11 08:05:42"
"42","26","Family","1978-07-04 14:39:11"
"43","55","Oil line","2021-09-12 08:16:58"
"44","75","Network image","2011-11-23 07:14:21"
"45","22","Article admit","2004-07-31 04:30:55"
"46","42","Reason","1991-01-29 03:05:26"
"47","74","Think technology","1993-06-02 09:55:56"
"48","42","Mouth the","1997-04-01 17:56:23"
"49","10","Season","1980-08-12 23:40:18"
"50","90","Within","1977-08-29 17:31:00"
"51","93","Moment find","1974-06-13 22:12:36"
"52","60","Action fall","1981-01-13 23:16:18"
"53","2","Mouth wait","1977-03-18 00:16:45"
"54","19","Federal dinner","2002-08-06 11:50:41"
"55","47","I meet","1972-11-28 14:53:42"
"56","1","Budget rock","2015-02-15 03:13:53"
"57","34","Water","1987-11-23 04:50:51"
"58","4","With about","1998-11-24 05:16:41"
"59","67","Decade","2015-03-02 00:26:33"
"60","31","Yourself","1977-08-09 09:12:04"
"61","9","Idea anything","1985-09-13 05:15:14"
"62","36","According one","2019-08-18 12:35:12"
"63","16","Sell","1971-10-10 16:21:10"
"64","48","Production phone","2018-11-27 00:02:18"
"65","37","Home","1990-08-16 11:08:55"
"66","76","Small control","1978-04-30 20:22:43"
"67","35","Receive century","2002-09-17 00:45:48"
"68","38","Brother","2008-02-25 21:59:56"
"69","30","Opportunity step","2008-12-29 01:47:30"
"70","6","Play as","2007-11-02 08:38:47"
"71","27","View simply","1993-12-19 09:19:54"
"72","19","Local size","2001-11-15 15:39:23"
"73","81","Material","1986-09-27 23:28:30"
"74","38","Consider","1973-09-16 00:49:40"
"75","20","Outside","1980-12-21 13:58:46"
"76","43","Than director","1973-02-16 21:45:21"
"77","57","Central gas","1973-03-29 10:11:56"
"78","92","Memory chance","2007-10-31 16:00:18"
"79","25","Read particularly","1997-12-06 15:40:35"
"80","24","Finish yes","2010-01-17 23:49:03"
"81","50","Their dog","1998-10-19 09:13:00"
"82","40","Work","1979-06-15 07:16:44"
"83","22","Interview","2002-04-30 07:02:15"
"84","30","Sea","2011-06-22 09:14:35"
"85","53","Poor","2003-01-05 15:23:46"
"86","39","Travel","2016-12-26 06:34:48"
"87","83","Man","1993-06-01 23:43:28"
"88","52","Plan billion","1971-12-09 07:17:57"
"89","67","Media knowledge","1973-01-18 04:36:47"
"90","11","Central","2015-10-21 16:44:42"
"91","75","Huge","1988-02-12 08:58:10"
"92","36","Fast","2004-01-03 20:07:45"
"93","62","Heart group","1993-03-25 23:23:23"
"94","45","Citizen away","2004-06-05 19:33:43"
"95","60","Lose poor","1986-02-04 06:58:42"
"96","80","Within","1994-03-23 09:53:51"
"97","96","Under","1981-09-10 00:30:46"
"98","72","Rather","2018-10-20 21:33:15"
"99","86","Baby well","2011-04-13 04:06:19"
"100","48","Address foot","2017-06-23 07:48:33"
"101","7","Rock","1996-12-16 19:33:44"
"102","81","Social guess","2010-01-20 05:20:23"
"103","76","Because","1989-06-28 14:53:21"
"104","77","Us will","2005-11-05 06:47:12"
"105","77","Compare","2014-02-05 09:52:55"
"106","0","Firm","1976-07-25 07:01:40"
"107","85","College go","1972-11-18 22:31:43"
"108","72","Probably same","1995-10-11 05:22:19"
"109","12","How","2009-05-30 12:59:02"
"110","67","Blue month","2006-02-16 08:57:51"
"111","58","Heart","1985-09-01 21:47:58"
"112","55","Return message","1973-02-21 10:52:58"
"113","2","Hundred","2012-03-07 18:06:46"
"114","27","Too personal","2012-08-30 01:14:34"
"115","73","Explain realize","1973-02-06 01:16:15"
"116","2","Drug","2009-12-05 23:16:16"
"117","65","Laugh","1974-03-11 12:07:00"
"118","42","Group","1988-12-08 17:07:14"
"119","42","Quickly news","2019-09-21 07:09:34"
"120","75","Maybe future","2012-01-07 15:18:33"
"121","16","Rise","1989-01-09 22:19:29"
"122","40","Kitchen","1991-07-06 17:24:28"
"123","13","Successful check","2005-12-24 03:56:17"
"124","47","Culture management","1984-03-12 04:16:22"
"125","87","Get","2010-12-25 23:38:35"
"126","94","Management financial","1982-09-17 15:57:00"
"127","30","Difference down","1977-06-27 10:42:05"
"128","91","Message action","1992-04-03 04:36:22"
"129","60","Affect weight","1979-08-16 20:50:06"
"130","91","Model","2020-06-27 08:20:33"
"131","83","Pay","1992-09-24 17:17:00"
"132","68","Fall","1985-09-27 11:55:56"
"133","65","Series","1972-06-25 14:16:13"
"134","94","Attack","1983-11-29 07:48:48"
"135","62","Cold","2012-11-06 16:16:51"
"136","12","Or","2010-06-23 23:39:05"
"137","13","Standard","2010-01-23 14:29:15"
"138","36","Fear speech","1983-09-05 21:59:31"
"139","79","Card","1991-08-04 03:08:34"
"140","11","Budget three","1974-08-08 11:03:44"
"141","20","My","2010-05-05 01:19:11"
"142","97","Available east","1982-05-26 21:38:32"
"143","37","Glass part","1983-07-10 16:05:41"
"144","93","Front","2018-07-03 13:02:30"
"145","55","Fine","2003-10-05 18:05:41"
"146","58","Hit bar","2007-05-16 20:37:46"
"147","99","Easy","1973-09-13 00:19:52"
"148","67","Though before","1995-01-19 01:32:44"
"149","13","Live him","2002-03-02 14:17:38"
"150","26","Too response","1996-10-11 05:18:14"
"151","57","Five","2003-08-17 03:54:02"
"152","83","Less along","1985-02-11 23:41:49"
"153","2","Shoulder","2004-10-15 04:49:35"
"154","21","Her green","1989-05-30 20:10:05"
"155","13","Fall","1985-02-19 20:16:42"
"156","52","Threat serve","2001-12-06 09:06:58"
"157","31","Commercial fall","2001-02-09 05:48:40"
"158","42","View","2016-10-22 19:19:24"
"159","68","Factor","1980-05-16 21:08:26"
"160","99","Skin clear","1986-11-01 23:23:20"
"161","57","Score effort","1990-01-11 15:22:58"
"162","42","Across","2010-03-09 03:57:48"
"163","3","Front play","1970-12-27 02:00:32"
"164","5","Back","1976-04-26 17:52:21"
"165","92","Guess","1973-05-31 20:54:31"
"166","40","Approach resource","1986-04-20 14:57:24"
"167","89","Try choose","2005-02-06 16:54:11"
"168","70","Stuff significant","2017-08-07 05:28:24"
"169","85","Health","2000-02-29 23:43:08"
"170","67","Seat","2010-08-27 14:49:06"
"171","58","Grow","2020-02-26 01:02:39"
"172","31","Two so","1988-12-02 14:36:53"
"173","15","Special lead","1995-04-19 17:23:43"
"174","80","Nice political","2012-07-01 15:38:37"
"175","3","Enjoy gun","1987-04-15 04:23:58"
"176","30","Account finish","1982-06-23 17:55:47"
"177","82","Child pressure","1998-07-19 05:49:03"
"178","40","Attention","2000-03-02 10:37:20"
"179","63","Long reduce","2021-06-06 06:01:03"
"180","71","Decade along","1980-10-25 06:50:31"
"181","38","Serious","2015-01-29 06:09:25"
"182","67","On","2002-10-26 12:37:08"
"183","65","Describe order","1971-08-29 04:10:56"
"184","16","Strategy with","1970-01-15 19:22:03"
"185","30","Peace","2014-12-03 21:43:52"
"186","86","Radio ask","2013-09-08 01:02:50"
"187","49","Four","1980-05-22 03:10:25"
"188","17","Race allow","2009-06-27 19:38:54"
"189","54","Meeting through","2013-09-30 14:00:53"
"190","2","Number","2000-10-16 09:23:44"
"191","30","Agent","2010-06-30 05:22:59"
"192","85","Green miss","2009-10-17 11:25:38"
"193","31","Without compare","2007-03-19 06:43:00"
"194","5","Sense","2004-02-17 09:11:59"
"195","99","Describe key","2008-02-05 23:45:25"
"196","16","News","2022-07-21 10:13:55"
"197","94","Cost","1977-11-21 12:54:12"
"198","53","Itself tend","1990-10-31 18:19:02"
"199","17","Shoulder","2013-03-29 18:28:53"
"200","25","Fall citizen","2011-09-10 10:38:37"
"201","91","Carry","2000-09-15 17:00:19"
"202","25","Provide","2021-07-04 21:15:33"
"203","90","Author modern","2019-07-06 07:40:10"
"204","42","None","1988-05-29 22:49:17"
"205","40","Scene","2003-11-01 17:30:16"
"206","38","Her large","2016-08-31 04:25:56"
"207","6","End reflect","2019-07-21 09:59:21"
"208","1","Throughout drive","2015-10-27 12:15:56"
"209","78","Television travel","2015-06-20 21:11:06"
"210","47","Model","2020-04-19 09:35:50"
"211","28","Bank and","1984-05-07 20:25:31"
"212","6","Somebody","1998-08-10 15:34:21"
"213","63","Be","2017-01-04 17:27:35"
"214","1","Charge","1978-12-13 16:54:40"
"215","46","Picture war","2022-06-07 14:44:09"
"216","13","Practice official","2015-10-07 15:40:27"
"217","93","Ball","2007-03-16 03:26:29"
"218","83","Return","1986-09-12 20:49:36"
"219","55","Although","1989-03-19 16:20:30"
"220","1","Beat instead","2018-01-05 04:37:59"
"221","74","Adult within","2013-12-29 13:38:39"
"222","23","Unit","1992-03-23 23:19:41"
"223","5","Billion big","1993-02-11 23:54:08"
"224","62","Win certainly","1990-04-14 22:18:29"
"225","69","Hair theory","1987-09-03 23:08:14"
"226","14","Action lawyer","2022-01-29 18:19:12"
"227","33","Someone","1989-05-27 22:58:44"
"228","90","Herself","2000-12-31 06:08:30"
"229","1","Last","2019-11-20 08:48:24"
"230","21","Role","2015-10-25 05:49:41"
"231","42","Local work","2015-03-06 17:59:53"
"232","32","Own","2008-09-11 09:42:04"
"233","83","Cell","1995-04-30 12:13:53"
"234","8","Create meet","1982-09-17 23:14:54"
"235","82","Summer","2019-01-14 07:04:37"
"236","41","Pattern","1980-03-05 17:04:58"
"237","63","Or school","1987-12-18 21:15:40"
"238","58","Theory","2010-08-26 23:36:45"
"239","58","Republican industry","2010-06-07 21:45:55"
"240","96","Upon bed","2006-06-21 05:17:08"
"241","79","Teach","2016-09-15 01:55:05"
"242","3","Star war","1986-01-17 14:57:48"
"243","41","Right administration","1992-11-08 03:55:20"
"244","27","Some","2007-06-29 02:56:33"
"245","52","News administration","2005-08-23 01:51:36"
"246","26","Shake","1974-03-17 14:07:16"
"247","67","Listen expect","1973-06-25 18:34:55"
"248","14","Occur soon","1972-09-06 21:49:15"
"249","21","Network","2005-11-05 05:45:33"
"250","93","Side story","2014-09-24 22:06:26"
"251","48","Give every","2001-09-23 13:14:52"
"252","31","Early threat","2006-03-09 09:22:49"
"253","94","Him those","1975-12-07 21:37:35"
"254","81","Argue","2004-06-29 00:36:27"
"255","87","Price","2006-03-12 14:21:35"
"256","38","People","1986-02-11 19:18:19"
"257","88","Compare at","2015-04-17 23:55:50"
"258","98","Ten","1984-06-17 16:31:54"
"259","15","Itself","2016-09-03 19:12:51"
"260","65","Sport","1982-04-17 06:17:45"
"261","61","Politics","1992-07-07 23:43:53"
"262","42","Other opportunity","1980-01-22 01:36:21"
"263","75","Gas recognize","2021-05-23 20:46:21"
"264","6","Strategy little","1989-05-16 08:02:15"
"265","12","Individual","1985-03-29 21:17:11"
"266","40","Stay can","2015-09-14 09:22:32"
"267","0","White","2005-01-18 20:59:55"
"268","43","Exist","2006-09-16 17:49:13"
"269","95","Huge north","2017-05-31 05:48:42"
"270","97","Step","2021-01-03 05:52:24"
"271","60","Similar","2001-01-07 01:30:02"
"272","41","Determine despite","1981-12-29 02:15:03"
"273","14","Accept discover","1988-01-31 19:21:23"
"274","70","Cost already","1981-05-26 00:22:46"
"275","19","State list","1974-11-04 23:05:26"
"276","55","Cultural","1989-07-23 06:49:06"
"277","77","Little tough","2006-05-04 10:34:07"
"278","57","Great","2022-07-23 23:57:03"
"279","48","Son hard","2008-07-01 19:18:26"
"280","71","Know news","2019-07-26 00:15:34"
"281","44","Begin","1976-01-18 22:38:58"
"282","17","Goal popular","1988-11-11 08:32:54"
"283","43","Include","2017-06-23 06:39:50"
"284","23","Long","1988-12-24 11:00:51"
"285","30","Pass minute","2007-01-22 23:06:08"
"286","38","Low","1986-12-07 16:41:05"
"287","82","Together","2016-01-22 01:34:02"
"288","45","Nor","2020-08-28 02:18:58"
"289","24","Heavy science","1972-01-05 17:35:01"
"290","8","When","2017-07-20 14:10:29"
"291","4","Long","2007-04-09 21:55:13"
"292","67","How ball","2014-04-29 03:03:25"
"293","92","Civil","1988-02-02 01:35:18"
"294","40","Attack","2016-04-11 20:53:57"
"295","75","Black","2014-11-26 18:30:35"
"296","1","Fall","2013-09-14 05:50:05"
"297","31","Response","1998-03-17 23:44:02"
"298","87","Special","1989-01-03 04:29:16"
"299","36","Environment","1984-05-16 17:38:07"
"300","4","Medical manage","1971-12-24 15:38:23"
"301","75","Police business","2000-06-20 08:14:16"
"302","4","Sign outside","2015-01-17 02:36:58"
"303","92","Follow","1981-01-09 03:50:22"
"304","63","Add","1982-12-05 09:10:02"
"305","29","Kitchen","1979-02-16 22:15:30"
"306","44","Shoulder better","2011-10-17 17:01:29"
"307","74","Wrong","1991-06-30 07:04:56"
"308","70","Far television","2018-05-05 03:23:52"
"309","99","Threat","2017-09-15 20:43:01"
"310","79","Less who","1978-01-19 04:06:09"
"311","73","Upon","1971-04-25 03:24:03"
"312","73","Line","1986-08-18 02:18:55"
"313","35","Work at","1982-07-25 05:42:02"
"314","14","Like hold","2017-10-05 10:38:12"
"315","14","Indeed end","1982-11-08 06:29:32"
"316","86","Feel","2009-02-27 23:45:59"
"317","74","Five establish","1978-05-17 04:20:40"
"318","53","Bar","1988-08-01 02:33:54"
"319","6","Drug pattern","1995-07-21 12:21:24"
"320","93","Wife gun","2017-04-01 13:15:05"
"321","32","Away","2017-04-11 04:55:29"
"322","46","Mind","1995-08-01 10:40:42"
"323","99","Attorney","2017-03-28 02:14:05"
"324","12","Push month","1970-02-10 19:58:56"
"325","86","Interesting","1994-03-05 01:06:03"
"326","35","Different line","1992-12-06 23:48:45"
"327","0","Trade research","1974-02-26 15:49:12"
"328","8","Total traditional","2005-07-19 07:11:22"
"329","23","Thousand suffer","2000-03-28 09:15:39"
"330","56","Natural","2017-06-08 07:28:51"
"331","9","Threat general","1987-10-18 10:03:31"
"332","54","Oil low","2007-02-21 19:06:08"
"333","61","Short view","2014-05-04 14:21:10"
"334","4","Single west","1995-01-13 09:06:32"
"335","56","None","2016-07-11 12:49:52"
"336","93","Poor","1997-01-13 19:50:11"
"337","64","Dream","2006-01-29 05:27:55"
"338","51","End less","2014-04-29 00:18:12"
"339","40","Sister","1984-06-25 00:52:48"
"340","62","Very","2005-03-07 14:03:59"
"341","33","Figure","1981-04-27 11:19:56"
"342","14","Around friend","2005-07-02 20:20:53"
"343","72","Campaign","2016-06-27 11:57:18"
"344","43","Return draw","1997-04-06 01:04:43"
"345","6","Which","1970-05-16 23:24:59"
"346","44","I","2006-11-19 09:27:37"
"347","4","Weight each","1971-12-05 04:48:16"
"348","26","Buy","1973-03-04 20:11:19"
"349","40","Or wait","1996-06-23 00:10:26"
"350","22","Reality","2018-09-12 20:15:31"
"351","31","From sign","1989-05-11 07:58:25"
"352","26","Degree but","2009-02-28 03:29:51"
"353","78","Simply father","2002-02-11 01:09:22"
"354","8","Follow during","1995-01-28 07:04:13"
"355","28","Effect","1976-04-08 05:44:59"
"356","3","Game","2011-12-07 01:14:32"
"357","69","Most","1982-01-29 09:21:04"
"358","99","Civil thousand","2005-10-07 23:03:03"
"359","31","Choice realize","2014-07-10 10:38:45"
"360","11","Skin occur","1992-07-30 08:20:48"
"361","17","Effect Republican","1996-05-09 09:46:38"
"362","24","Yes","1998-09-15 17:55:15"
"363","92","Account want","1998-04-11 21:17:31"
"364","23","So","1984-03-23 08:10:39"
"365","80","Else","2000-03-24 13:10:24"
"366","22","When","2009-08-22 00:51:31"
"367","67","Hear nation","1979-01-01 06:47:44"
"368","95","Traditional action","2021-02-21 18:37:45"
"369","41","Stuff","2014-08-12 23:42:06"
"370","45","More","2015-12-11 12:00:43"
"371","61","Heavy","2021-05-21 10:27:41"
"372","36","College","1971-05-25 08:31:42"
"373","76","Sell","1990-09-25 19:36:03"
"374","33","Crime","1998-05-20 00:59:16"
"375","76","Writer human","1981-10-18 14:13:52"
"376","43","Newspaper doctor","1996-04-02 14:25:50"
"377","92","Drug his","2018-06-25 06:55:45"
"378","90","Let police","2019-01-01 14:26:08"
"379","82","Few space","2007-10-14 08:00:42"
"380","82","Major","2008-03-13 22:05:03"
"381","42","Pull test","1987-10-27 02:31:53"
"382","44","Forward","1971-09-10 22:17:58"
"383","62","Reflect go","1984-02-22 05:07:41"
"384","20","Mouth medical","2019-03-28 18:11:21"
"385","63","Sell under","1971-06-27 17:52:58"
"386","6","Make","1996-04-28 15:29:28"
"387","82","Those big","1982-07-01 11:59:35"
"388","42","Big","1981-04-11 12:33:46"
"389","9","Act international","2007-06-20 23:54:32"
"390","25","Answer","1994-12-18 23:52:31"
"391","69","Attention","1970-12-15 03:11:40"
"392","26","Trip","2012-01-22 16:00:27"
"393","13","Such sing","2000-11-22 19:10:59"
"394","53","Democrat","1999-12-18 13:57:23"
"395","69","Anyone concern","1988-10-14 20:43:29"
"396","5","Size","1971-03-17 02:21:28"
"397","59","Sometimes many","2005-06-17 17:04:59"
"398","37","Service","2008-10-18 04:29:09"
"399","97","Establish gun","2019-10-15 16:23:43"
"400","27","Turn that","1972-06-28 02:04:23"
"401","88","Well","2015-05-31 07:33:13"
"402","94","Range she","1970-01-09 13:26:40"
"403","10","Particularly","2008-04-13 07:22:45"
"404","64","Real","2007-12-19 08:37:51"
"405","22","Adult bill","2017-07-28 06:30:23"
"406","30","Get","1997-03-14 13:07:11"
"407","16","Goal just","1994-08-20 08:09:14"
"408","1","Rise","2018-07-02 20:07:19"
"409","4","Baby","2016-11-12 18:33:46"
"410","70","Sort","1977-01-20 11:39:54"
"411","21","Small","1978-07-10 21:53:32"
"412","69","Thank hold","1984-01-28 21:30:55"
"413","38","State","1975-09-25 13:13:26"
"414","64","Run","1982-06-24 01:56:57"
"415","12","Understand no","1993-06-26 14:02:44"
"416","7","Meeting do","2006-02-07 06:29:29"
"417","81","There stand","1993-04-25 08:06:35"
"418","89","Do","2018-08-28 21:11:31"
"419","1","Across that","1998-01-11 15:52:47"
"420","63","Tv","2001-07-21 21:48:02"
"421","41","Out","2015-11-19 05:50:31"
"422","20","Program","1975-08-16 01:44:06"
"423","57","Shake hand","1986-04-20 13:46:23"
"424","95","Happen","1999-09-08 23:02:49"
"425","7","Here pass","2009-07-23 18:06:28"
"426","20","Interesting laugh","1980-09-07 07:27:43"
"427","86","Wear check","1999-09-26 10:20:47"
"428","72","Candidate","1977-06-03 14:35:25"
"429","82","Look place","1976-12-10 00:39:00"
"430","3","Which tonight","1986-08-19 01:36:13"
"431","50","Region real","1985-02-28 01:45:55"
"432","16","Operation fact","1991-12-25 15:55:50"
"433","81","Machine","2011-07-24 10:41:37"
"434","30","Senior responsibility","1983-05-22 07:41:44"
"435","8","Cold hope","2003-03-13 13:13:39"
"436","39","Return","1978-08-03 20:19:33"
"437","35","Because pick","1987-12-06 06:59:30"
"438","48","Blood state","1971-12-28 20:04:54"
"439","10","Goal show","1973-08-11 14:03:17"
"440","55","Next could","1983-09-23 14:14:58"
"441","0","Same","2011-10-13 05:23:02"
"442","31","Language","2012-11-15 16:53:12"
"443","78","Offer cut","1971-10-25 22:42:36"
"444","17","Hotel","1986-07-01 10:47:20"
"445","51","Next","2017-10-24 17:22:23"
"446","8","Air","1977-09-20 09:38:42"
"447","91","Interview","2006-10-03 19:45:32"
"448","98","More order","2014-02-09 15:01:58"
"449","72","Present","1986-09-13 04:48:05"
"450","18","Fish again","1979-06-18 21:48:50"
"451","28","Though","1992-06-08 08:44:18"
"452","38","Present","2010-06-22 04:40:02"
"453","15","Hold politics","1977-01-14 00:33:46"
"454","44","Deal people","1982-10-29 05:25:56"
"455","34","Simple","1981-05-17 05:05:28"
"456","35","Store","1985-06-27 21:12:16"
"457","42","May final","2013-10-04 06:41:53"
"458","9","Start difficult","2017-08-13 02:09:58"
"459","59","Science","1980-10-07 06:15:34"
"460","47","Seat less","1972-10-13 00:15:02"
"461","52","Response past","2006-03-24 12:12:01"
"462","22","Course","1991-04-28 12:19:46"
"463","90","Simple management","1977-05-24 08:47:07"
"464","83","Realize","1990-11-02 07:34:29"
"465","79","Their","1982-12-14 20:40:31"
"466","57","Already give","1988-02-27 21:59:01"
"467","49","Writer your","1978-06-03 06:40:16"
"468","3","Your wear","1976-11-21 01:28:04"
"469","64","Might","2006-06-29 11:58:18"
"470","62","Similar","2017-01-03 04:04:28"
"471","10","Catch","1990-08-27 22:40:48"
"472","68","Artist","1988-01-30 21:23:46"
"473","93","Coach","1986-01-03 13:32:26"
"474","83","Stand easy","1979-04-20 06:08:04"
"475","94","Girl former","2020-02-21 21:40:32"
"476","29","Voice trade","2019-09-23 11:56:57"
"477","83","Marriage member","1970-09-30 12:44:30"
"478","1","Region","2007-06-04 21:54:06"
"479","31","Enjoy","2001-01-09 16:27:48"
"480","99","Size","2000-12-19 13:06:01"
"481","24","Room hard","1991-02-16 13:18:59"
"482","49","Actually tough","2004-11-23 12:00:29"
"483","94","Report","1997-03-21 22:00:31"
"484","84","You","2009-07-13 23:44:07"
"485","76","Color music","1981-04-20 14:34:52"
"486","39","Similar","2010-04-11 03:35:02"
"487","9","What present","1998-10-28 23:59:17"
"488","66","Young available","2003-07-05 13:33:04"
"489","28","Anyone","2010-07-26 03:10:39"
"490","47","Begin heart","1996-08-25 07:37:17"
"491","5","Next author","2015-04-26 11:06:53"
"492","5","Even","1977-06-26 20:40:24"
"493","49","Hotel rest","2016-09-06 03:05:27"
"494","53","Themselves","1977-01-19 03:33:55"
"495","90","Leave","1975-12-07 00:34:55"
"496","91","Prevent","2001-02-28 07:17:40"
"497","5","North past","1996-10-21 09:16:41"
"498","32","Visit","1980-02-02 22:12:31"
"499","29","Style","2005-01-12 23:38:24"
