"0","tamaramorrison@hotmail.com","pbkdf2:sha256:260000$Z6vcIop0i88s0CfS$fba2533b485311f691cd6232895cbe0e71e4757dc26265f910aa8151f82fdd32","Gary","Cross","1946-01-04","2021-9-25"
"1","martha10@hotmail.com","pbkdf2:sha256:260000$a0Cj97Dxya3K9HyH$0f435ab96831c166bb4b6000eb906fef7b2910ddad3dd756895bd7c8efd81056","Denise","Thornton","1909-10-21","2021-12-2"
"2","deborah64@gmail.com","pbkdf2:sha256:260000$FNxz8n0yiZSUpn8y$a1ba8fa606174b2157caaae4d2ad1552d985d41a43369f95723422d983d202c4","Jeanne","Green","1983-02-27","2022-3-17"
"3","franklinjames@yahoo.com","pbkdf2:sha256:260000$JiInXoskbPZoqapC$a412875fd3404f16eb589226755a5ad49b8728e5e880ec9b1bdb08188804150b","John","Hoffman","1944-12-19","2022-4-22"
"4","samanthasims@yahoo.com","pbkdf2:sha256:260000$gQaMO4CEzhMHtX8W$9b5e1940c458ce1021e58340d9db3d59b7585c2f1327f04775ca9d52de1c09c2","Timothy","Parker","2016-07-28","2022-1-25"
"5","taguilar@hotmail.com","pbkdf2:sha256:260000$33uxC9mgwmV2LrAY$227c07020d89ecd2ecfd0451b867c5277d6b901b153e25f0f87781c0f8b9a9c5","Linda","Freeman","2016-09-12","2022-5-14"
"6","georgedavid@yahoo.com","pbkdf2:sha256:260000$F7wyivapL4dhxDyT$63c1f5470fa4c201fac63643185dcbc06fecb67544abbf6d0f75b06753a9856f","Sandra","Brown","1921-03-11","2021-7-3"
"7","chad50@yahoo.com","pbkdf2:sha256:260000$M9nksWpeNSPr8SMH$c3a4fff3cd19c73421d9f05cf4a93ebd76a29397385c0afc7ff0c30714bc4d7e","Paula","Wilkerson","1954-03-17","2021-5-15"
"8","jyang@hotmail.com","pbkdf2:sha256:260000$LpQwN7ZygsNUpzU0$14ffe23dd186106c6f09ecec20adae84ac665a6f43cbe81f74007c12a0801381","Willie","Garcia","1964-04-27","2022-8-7"
"9","bramirez@gmail.com","pbkdf2:sha256:260000$5ZqtuiSOoOh4dER6$940083d3e238e326a08d52e0b39ce8ca3b771b9e260f02acebd742f6a71983a7","Michael","Montgomery","1943-08-14","2021-3-10"
"10","kellypeter@gmail.com","pbkdf2:sha256:260000$blJMCbYglmB7frEH$35d7f36e4b8789bd6fec337704ba290e8d5f199a72e34b369823220151938b6b","Melissa","James","2022-01-12","2022-4-18"
"11","tarasanders@gmail.com","pbkdf2:sha256:260000$zt1sCHxCP61ROYrp$e0685be85578f19b2fcc6a06028bf3e932075e849a121b805b904738f2e82859","Lisa","Bush","1968-08-10","2021-8-20"
"12","virginia18@yahoo.com","pbkdf2:sha256:260000$SXBDDnjhmTr7yQNv$ae1aad70929ad05bd74848a95bca5a029606497324a02e05ddcbf056ea0b8ce0","Bruce","Miller","1989-11-22","2021-7-28"
"13","jensenanthony@hotmail.com","pbkdf2:sha256:260000$PPaigSIclT824wwP$1118982421993f9c9d277886256c710507b570b2ad25556eca1afc950ab1fa70","Mark","Burnett","1955-09-01","2021-8-21"
"14","kmalone@gmail.com","pbkdf2:sha256:260000$LLUsh1Q6000YxtcL$0991232a64a25184361388ec25e8abcf1fdf8de36b7fceb8404be77a8ac7ed40","Courtney","Valdez","1962-07-08","2021-11-25"
"15","kingerin@hotmail.com","pbkdf2:sha256:260000$6tjiaRy4nljDYtp9$0e1adafb2fa5cd280816cd54d9890dfaa169a48b14f0bf9eca65b3310c75099e","Henry","Moss","2012-06-18","2021-7-22"
"16","meganbrady@gmail.com","pbkdf2:sha256:260000$xvAYAB5vXNI3Wu3v$1c4d57b4b0def0a788a69fb9cf8071299ac8a2b3dac88ce497acf60044e68eec","Amy","Fowler","2013-08-26","2021-1-28"
"17","kgomez@gmail.com","pbkdf2:sha256:260000$QEDfoRnfeuyd3trC$cd2c30ca83d6dd073d9d60f77365435826e75e709634e55bc543bff7371455e3","Tammy","Reilly","1983-09-05","2022-7-24"
"18","thomaspeters@hotmail.com","pbkdf2:sha256:260000$45LGFPQWLH6FbULQ$04fab01ffa8257aa027f2ae89777149456b4f679bbbdb32399bd2c1386facb62","Robin","Harris","1918-01-28","2022-11-21"
"19","susan06@yahoo.com","pbkdf2:sha256:260000$bJov6c7i39bHoBDV$7785d2f02d21b22c31c4b377d6ce26beb165cbc8de4e286eae14f270d63d2594","Jared","Vaughn","1928-03-17","2021-8-16"
"20","william86@gmail.com","pbkdf2:sha256:260000$qv81G3AvMHr5Ur67$c232d8100a7fec25f2a7704aea664cddd7839a24345cbb2a8d9c85ed75c66e36","Lauren","Mcdaniel","1924-07-11","2021-3-28"
"21","michaelanderson@hotmail.com","pbkdf2:sha256:260000$RJp8kUAaVKtacXbm$1d6c484fb51d924526052fb602e83e8cdacc93454082a0bc66f17ca206687e25","Brian","Richardson","1955-06-11","2021-10-2"
"22","deleonwilliam@gmail.com","pbkdf2:sha256:260000$Sn4ufE4s6MeV9EDi$ef4b5e150d272a488d79a6e8ac5955ec42640d77a270623f0906dfc137f86f20","Maria","Harris","1910-05-15","2021-1-19"
"23","joshua07@yahoo.com","pbkdf2:sha256:260000$j2viavoEWT1n1TnG$88ad83070550bd57e5d761aa8ba913e71c59bcc0fcd71b79f532d888628e2eca","Heather","Davis","1976-02-18","2021-7-25"
"24","leonardsutton@gmail.com","pbkdf2:sha256:260000$k9bOt2nNAngY6HVe$b96a68ab6789949ecbe5e357aa93dd6d4b898fce0cd0130e98d293b1c67c81c1","Patrick","Spears","1971-01-25","2021-3-26"
"25","hromero@hotmail.com","pbkdf2:sha256:260000$Jma6gKDRvcqCqH6x$40924db3bc112436fdf0718fd0f2d3b5dbf885008a95e535abf96064286875a8","Debra","Aguilar","1921-03-22","2022-12-11"
"26","angela30@gmail.com","pbkdf2:sha256:260000$zplYOQtIr5Nd7KMx$966442e8f0134754a1ae969fb985dc6660f72bcf86d16b3beced0f15b193f462","Cody","Crawford","1915-05-03","2022-12-10"
"27","ygraham@hotmail.com","pbkdf2:sha256:260000$IwWvLiT6kT2u6wyj$042a6efc96be5ba058316bb2a73f2b376006c874dcad57975f7e1ed88de81772","Cynthia","Faulkner","1910-03-02","2021-10-3"
"28","millerlori@yahoo.com","pbkdf2:sha256:260000$6iIdSaQxDpXOv2EJ$5add24b81433d9d23b94bfcd415772281bcaefb43c66d2d2f19f409c0096bc6c","Kelly","Casey","2002-12-31","2022-10-12"
"29","pmartinez@yahoo.com","pbkdf2:sha256:260000$pBi5VyPkCcMT2kS0$acba4dbb51a7a7d0dd3029b930722fe2a73399e5aff3d6e0df6f8bbb71f99ba1","Thomas","Patel","1945-03-13","2022-12-25"
"30","stafforderic@gmail.com","pbkdf2:sha256:260000$avU8oJOTmAlB6b1v$9e1dab838711c00e130673bc99c2ba85ccd9d6cdbaed4949d7af8c77cef68d39","Johnny","Martinez","2007-09-05","2022-1-27"
"31","smithsabrina@gmail.com","pbkdf2:sha256:260000$Uu83IdsV8c8KGLUk$9767db32b1ce984169fb1e699bd42f5219225143f99f1997f9d6f7889cb88ebb","David","Turner","2019-12-30","2021-10-3"
"32","rmiranda@hotmail.com","pbkdf2:sha256:260000$AmRrTKiKzn6tTAHx$b6fc0421da876664ae2e63b1ac7ad0ed0438178c1095ef4b8746d168ee4508b1","Evelyn","Hendricks","2017-06-30","2022-7-14"
"33","millersamuel@yahoo.com","pbkdf2:sha256:260000$IqguU8FSFL5j8rxu$ffb8b29114b956897aef75a9633d80e178e8ffc0b943750f91fe409e3836b8df","Paula","Walter","1980-08-27","2021-11-27"
"34","cherylstewart@yahoo.com","pbkdf2:sha256:260000$IY0KTUHwpsLL71j8$bca4aeacc8058d8354601a93e7b7f53a92435630643abe8fab2ccafccc9a14fd","Derrick","Webb","1965-05-17","2022-12-9"
"35","santanajimmy@gmail.com","pbkdf2:sha256:260000$oh9VQSzK3aWNhVb9$b181c82965f57823714919d85abd535fe58da0fa84568dfddec95cb51eb2055c","Patrick","Graves","2014-03-15","2022-8-13"
"36","stephenbeck@yahoo.com","pbkdf2:sha256:260000$P80NxaTGczDvfYy2$fade97de8653127e1731ebb2c1f0ff292e7ea26cd6cc247677ef2252719b3963","Leah","Bell","1938-05-12","2021-4-23"
"37","palmercassandra@hotmail.com","pbkdf2:sha256:260000$JknipTUNtZi2lyqG$be45e5657c997b722683a92a4784c7e3131e4884568f6d5e60592d10143e0c29","Dalton","Fritz","1985-05-14","2022-4-11"
"38","alisongreer@yahoo.com","pbkdf2:sha256:260000$GvKnMbjcCJF7Z2Sp$761c39acb916649e87fa04113213e9679211bf0c8a555aa91701c1837f8ac489","Madeline","Stevenson","1954-06-26","2021-1-9"
"39","jasondavis@hotmail.com","pbkdf2:sha256:260000$0DI0oUfdlA5RYXTc$3c0a508f51d27444425b3298181af246fbd4e1a8358de97dc8522190bc79482b","Valerie","Charles","1926-06-17","2021-5-8"
"40","markchan@gmail.com","pbkdf2:sha256:260000$dsevaWrzxz3SNtdT$4dfce5b4bfa2c0ded0f519bd6fb6c2647bb8ccf2dc2feb3d0ab89b59569321b3","James","Scott","1994-02-04","2022-10-8"
"41","castroallen@gmail.com","pbkdf2:sha256:260000$UcjP2dLuIHg7gp7U$7a358518ca07151bb94ea6ad49bd36852450778fb839fcf695a939fcdf2700a5","Jennifer","Garcia","1920-07-13","2022-3-16"
"42","caleb01@yahoo.com","pbkdf2:sha256:260000$PMbSwrqKRIWOxBE4$9da741e6f08d177eadbcc74656c1f4fd05734dce767e48e247c03262cc196475","Keith","Jones","1958-06-06","2022-4-1"
"43","guerrerothomas@hotmail.com","pbkdf2:sha256:260000$hCZ0Qh5dLwih1XVS$e661f443529e87bba549bbdb0dd4b012463bb91a439a496595b58f4a34150006","Lori","Moore","1945-05-09","2021-4-19"
"44","allison58@hotmail.com","pbkdf2:sha256:260000$LUBKojeKEAnXrdWd$2d1ba20114abddfca9768d3d09339851a93fe325e577f9ab675d38e049a9187b","Ariel","Freeman","1984-09-09","2022-1-25"
"45","jeremy24@yahoo.com","pbkdf2:sha256:260000$MBcQW8fYjyqmXnHm$a5e3221b7d4e32402eb9775c6079baa5eeb8fcc60a960a19f23323a6e32d581f","Randy","Bernard","2018-10-26","2022-11-23"
"46","johnny46@hotmail.com","pbkdf2:sha256:260000$HujxcPUKYocCHGW9$2b2826f3a722999a97da57062b67742a9aadb32d6beb6681e26954228ca483c4","Timothy","Kerr","1976-10-17","2021-7-9"
"47","james07@yahoo.com","pbkdf2:sha256:260000$Tila3Ns3yNKJDWcZ$b4de46ee79cb67252d63ad9dd83a90e6cf6661e3ad751ec5709f986ca5dc701d","William","Crawford","1917-06-22","2022-4-9"
"48","marquezpaula@hotmail.com","pbkdf2:sha256:260000$wtbRiuItPZnsXSG2$cacef672367fb5b88f837809be67d7be6befb18f46ad9febfb4c77a5c4973e62","Jonathan","Davis","1921-04-03","2022-1-4"
"49","josephmason@hotmail.com","pbkdf2:sha256:260000$SeKvt5B79zoN0ajT$2144d26d5f968e04d451014359eeb14096b0d020bcd8f62b40796dbc38f2eee2","Kathryn","Noble","2020-04-06","2022-6-21"
"50","richard56@yahoo.com","pbkdf2:sha256:260000$jCyCn1ruzg0TdhZZ$1278bdb45efb78e2898a2ecdb763588be9be8b942e9370b987d218d09c24f06b","Daniel","Cortez","2001-09-07","2021-12-25"
"51","fosterbryan@yahoo.com","pbkdf2:sha256:260000$zkl5ym2WuJsYcRB9$3e8dfabaf1185b98d169974d7d5bf3ff0727ee8afbc6a67dcf5bfd924e3f8e61","Kenneth","Boyd","1966-02-03","2022-12-10"
"52","anthonyvincent@yahoo.com","pbkdf2:sha256:260000$uwnp0iKJyklCWWLQ$57db4736ba4602f875544f02fb1b6c41ede598458b76a1554ef66b0f4b54fc4a","Renee","Moore","1942-10-31","2022-4-2"
"53","sawyersamuel@yahoo.com","pbkdf2:sha256:260000$yprDNSMNKgQmZt2u$1e052ebfc2aa8c4c8a5c6962063aaced1ee008ba2ff7016b630dfb05ce23e56e","Alyssa","Farley","1935-12-17","2021-4-17"
"54","gstone@yahoo.com","pbkdf2:sha256:260000$X4fpd4XuqE18ObXh$a04bd85f1b372e13a39cafad7c2e56d30c5a98f66ac8419864439488a2c6e465","Alexis","Williams","1987-12-15","2022-1-5"
"55","kevinflores@gmail.com","pbkdf2:sha256:260000$8208el6OHl6YgdxX$d17858bddab0e315be8d9e47cc998da1fee318fb0671e4546c1f8a9aaf9c87ff","Jasmine","Castro","1991-02-17","2022-6-16"
"56","gordon43@hotmail.com","pbkdf2:sha256:260000$QU68Eniv9P6FQZ3m$777113961058e3f0b156e0c655da7fb1826d93217b7c4543aefb54a5de5037c8","Joseph","Williams","1985-11-01","2022-10-25"
"57","kennethwashington@gmail.com","pbkdf2:sha256:260000$i4gIuJ2YAvrW7qKu$30b92b152d68362ac8f475818fe181442498bc7f4aa023e7d7fa2a8f48e0bf30","Jennifer","Marsh","1965-08-31","2021-7-2"
"58","hamiltonchristopher@gmail.com","pbkdf2:sha256:260000$12qkQbMfdKbOcWkG$ed78795a32753063e472de9f636b6d1a728fd8b18d3a0105a47b2a3952dde187","Anne","Michael","1913-10-06","2022-4-2"
"59","nsmith@hotmail.com","pbkdf2:sha256:260000$kTkRQ3xuDvCu0wSt$5a29349a2e2ac5e5e452232d2630b4de3c84019c4a5c465db38efd1111a40f99","Joshua","Duke","1978-03-09","2021-2-5"
"60","jennaarnold@yahoo.com","pbkdf2:sha256:260000$LOaBZVZBOjrRd4KT$d4e8285d674d5efb2e2e4899aeb8bf3f123d7e2eca66edacdf8b45a139cc2ffa","Susan","Turner","1970-05-07","2021-11-1"
"61","scottzimmerman@hotmail.com","pbkdf2:sha256:260000$I0PhIIyf51yyzOIh$41c2ba335e2770f01d11cec56231032275b1bda1a58150a67c2658a821f34bcb","Julie","Dominguez","2018-02-26","2021-10-12"
"62","bonnie89@gmail.com","pbkdf2:sha256:260000$umMxcXT0TDIpIRU7$840da3053948867eb127359c97f0e89f8ccb907d1ebdfa8a9feec69680f42553","Dwayne","Osborne","1990-10-05","2022-1-16"
"63","cindy30@gmail.com","pbkdf2:sha256:260000$F9N3ggkAXg9a5NHV$e4eddfabc6c36c83769c58aa5e1820ca66bc078e79484cf8fdea77ed8abaf2a3","Antonio","Thompson","2022-10-25","2022-12-8"
"64","qhenderson@gmail.com","pbkdf2:sha256:260000$FZjINh8HlOImpWpZ$8b9b2bc991eed6280ae1b50226561e0ae930b2c1c1ac47ef4199cc2f87c59466","Yolanda","King","1987-07-06","2022-7-8"
"65","nancyturner@hotmail.com","pbkdf2:sha256:260000$HVwSQQzAoixkGes5$b2215f2561f833165bf4653fda15a8d4e1cf5ba648bbb4953e2085b4860b70b8","Richard","Woodward","1915-09-11","2022-7-21"
"66","bradley51@hotmail.com","pbkdf2:sha256:260000$eY3kxC1simvX7EOC$6af645086428ba48347b3b3a70bf53c762e7e10a902b09fb33bad2e0409f5c31","Jeremy","Costa","2000-10-05","2021-10-4"
"67","matthewpetersen@hotmail.com","pbkdf2:sha256:260000$HrBueEDD7Lz47lME$7be51f5bd7aa0b165ba150a2d40fea1897ac54bfb18c23f7c74f587bcda2fdb7","Robert","Dunn","1948-03-12","2021-10-7"
"68","uhill@hotmail.com","pbkdf2:sha256:260000$Z70rHTZvQOzczDt8$db108d995414e209d37026a27b3f14fcbd0eaa79c8f955e536060b4160fbfa48","Tonya","Andersen","1909-08-17","2022-5-3"
"69","lisa79@yahoo.com","pbkdf2:sha256:260000$IHa38fbMG5trBIG6$7bf20dfb83cd8a929607331d4c35bb6df7a9d753fe7ab53c4b7c976eb0b76a6b","Stephen","Bernard","1944-11-01","2022-5-8"
"70","richardsonjerry@yahoo.com","pbkdf2:sha256:260000$3RZWPMkV4qAV89j4$8c94cc3b27843d9673b394c0a860b0b7c78cbbc2e202bd34b3f4c035a367ce64","Amanda","Gonzalez","2011-07-18","2022-7-18"
"71","jmcmahon@gmail.com","pbkdf2:sha256:260000$QjGGJeavImnyA1Tl$09a233ec0429c11c2a9ffde11ded19e335d495046f108c5b5748421a519b378d","Jimmy","Walker","1978-04-17","2022-4-20"
"72","wrightkaylee@hotmail.com","pbkdf2:sha256:260000$PqXvRegjQ2RPg6gW$94998540ca1cbef58652107e0e7a3171726ce5e219605495e314ab9c91e0805c","Austin","Holland","1919-04-30","2022-2-8"
"73","danielbernard@gmail.com","pbkdf2:sha256:260000$cV5IyYVzNGYl6D23$3cfa53fd151afdddbb6f0f1ac477dc2c92a1cd8721348b4818eca47244a43512","Molly","Fuller","2018-06-05","2021-1-8"
"74","wbrown@gmail.com","pbkdf2:sha256:260000$yRJ8ciOgsFtJn4cR$850fffea1fbfb627e664e82e1fe7663e47798ca6e30fca372820c6626bafd003","Doris","Kaiser","1969-09-20","2022-3-3"
"75","ofernandez@yahoo.com","pbkdf2:sha256:260000$bj4EeAdyquolDIAB$1c304000469cd04c63e1adf2d4e3a7050960670fe468573c063ed040d1eb348d","Tyler","Curtis","1950-01-11","2021-11-19"
"76","conradthomas@yahoo.com","pbkdf2:sha256:260000$Jde5sJ5vec8bJrPa$41776d4f0e0edd648eaa2daebe3bbd1062a69447470cfbc5a452f2542cd9e086","Angela","Tucker","1959-09-22","2021-4-9"
"77","savannahsoto@hotmail.com","pbkdf2:sha256:260000$6llhLXvzeiQ5SYn5$77640c56040522074fa7e4c642229580fff33b6670af897e8fa183644c212d88","Robert","Gould","2001-08-05","2022-3-10"
"78","debra49@yahoo.com","pbkdf2:sha256:260000$itfW7eJ47OWXuxcs$201bc6cd1ff04084842f04ba8f5b561483b391b498c6e6685f1499f59b902dce","Cody","Morris","2021-10-08","2021-10-19"
"79","edward63@gmail.com","pbkdf2:sha256:260000$Rehjri2ZTvMIVsTF$21c46984d8bb7aafa69876a144be40bbc912032a100c4fe6e52cb6c4dacc6cfb","Valerie","Jacobs","2019-09-01","2021-4-21"
"80","deborah77@gmail.com","pbkdf2:sha256:260000$9pL2Nvbim981UJ4F$e47891a896c0f0d9c1a502a5975f2d0ddb72922abdcf223d39a93ffbae7e1c04","Deanna","Holt","1992-09-23","2021-2-21"
"81","opoole@hotmail.com","pbkdf2:sha256:260000$XGCQebYVdAaVQF9s$9338a1f6e84653b0178c3d82f7aeeb440113cc26ef01b9dfccda11c451dd1e0f","Larry","Palmer","1980-02-03","2021-1-6"
"82","dwells@hotmail.com","pbkdf2:sha256:260000$sRnKNilDKiYWE8GI$77cec9450459d7fc3996696d5126172963ae8275d504664ee09a31d8267d1696","Kristina","Higgins","1931-08-24","2022-4-6"
"83","qstephenson@hotmail.com","pbkdf2:sha256:260000$5T5XDlBzd2m6rsRK$186f6a5a81bbd59e6fa2ca290e2d87590f8d358ef3d4c316d89325818c9bd76f","Shawn","Matthews","1925-03-11","2021-8-27"
"84","jeffreysmith@gmail.com","pbkdf2:sha256:260000$8smXusSOcgnVIHiM$a25eaacf4c0e7369fa6ad775c2665b8be3552fc0052b12c9bb74579e0d2e8426","Samantha","Parrish","2001-12-17","2022-7-22"
"85","marydaniel@yahoo.com","pbkdf2:sha256:260000$z3xZuGzhAogiuKWq$2ec398588111b20404f5e8b2ec20c31598a334ed52930ee1bb28722f5e0179cb","Tonya","Jacobs","1947-04-13","2021-11-4"
"86","jerrybrooks@hotmail.com","pbkdf2:sha256:260000$Ex9PmJMQZdCzlEEe$ae50663b6881c142e0fb24ef81cba0dbf6b1c5201cb9c18cdbc99938e12e4c04","John","Beck","1968-08-23","2022-11-1"
"87","mcbridemary@gmail.com","pbkdf2:sha256:260000$jV4kuKzZrJr3NddS$bdf8e239482c44cf78bd1de81eedd62f501b8d85189b12ac109ce110c97904b8","Laurie","Underwood","1927-12-13","2022-3-1"
"88","ycolon@yahoo.com","pbkdf2:sha256:260000$ZeU26gMtGzMxTck5$1b02343c52dab41f7ea0882b5c5c59d266f3239de24929ae619c72647039fed9","Linda","Orozco","2018-12-29","2022-5-25"
"89","michael74@yahoo.com","pbkdf2:sha256:260000$FFgn7PmtBQQsu8hG$16fa0113bb1f3dddee2c9c2b564d4c00b6400d68297f4ec5ba602ff52ba304c2","Kimberly","Park","1983-10-01","2021-5-18"
"90","dillonwest@yahoo.com","pbkdf2:sha256:260000$wV3PGaToxJNNoJ8p$b01e2fd91d1bbc761e5fdfcfe16e76544fa0517ed3b00890f1df2dc68aecb50a","Cynthia","Lyons","2018-01-16","2022-12-10"
"91","sarabender@hotmail.com","pbkdf2:sha256:260000$anklDkrmGTKi2eKA$8094e570776f3030d16c78d3f721a6364653355e07ee27adb3aa39e0902bd06f","Daniel","Hall","1907-05-31","2022-2-20"
"92","jeremy83@hotmail.com","pbkdf2:sha256:260000$Oo6MpDabfx3eNbjZ$bc27ae448788119a83e6faaad9a79a88ab1909e4764e16910fd92b34b90d63f6","Spencer","Duncan","1932-10-19","2021-5-5"
"93","jonathan73@yahoo.com","pbkdf2:sha256:260000$8aNEhAaxb6ELAFFk$39eac6bcb056075274f0dbb9ba7abb359c441f3e4778ed07e15f8f5c13b5dbfa","Cheryl","Acosta","1999-03-18","2022-5-19"
"94","alexandramitchell@gmail.com","pbkdf2:sha256:260000$t5EIbM0GuCy8bsOm$bcd8563a5a0fbf6d4b2de3b4e3242f86535a30882a406e320714262be2c5eed4","Matthew","DDS","1908-08-31","2021-2-11"
"95","mathew17@hotmail.com","pbkdf2:sha256:260000$ecEQHmRQkbCPLQBd$8c0675a1ac0a83319c5ec6f7d1afcac4febfcb39cdc5ff94149ee219294b9182","Angela","Peterson","1914-12-18","2022-6-26"
"96","pgriffin@yahoo.com","pbkdf2:sha256:260000$0sexbze8sz3j3BfG$d395e1d50823ec9f67966ad2f5b7fa59ded42bc69d9c8152d5f6639f8101cc6c","Adrienne","Friedman","2001-11-19","2021-3-9"
"97","kennethwilliams@gmail.com","pbkdf2:sha256:260000$JlnI6TiXvMSR3wTe$909ba80c9c5777f2a3abfd2c6c2cffe356866539d5fc95ab0d56a357bee2efe8","Donald","Thompson","2022-07-16","2022-11-23"
"98","shawnharris@gmail.com","pbkdf2:sha256:260000$MODgfLky1vb9t1r1$43c68bfa81d0b528751fc0b895b5e9da568ee2e0e8da2112b9831e6db8b2ad9d","Bryan","Scott","1979-01-02","2021-5-10"
"99","danieltucker@hotmail.com","pbkdf2:sha256:260000$tt9icUX1hsIIDBFq$f744d75947c50354dcfc4e0ee369029114816d8155cbb191bde318bacf5b320c","Jessica","Miller","1997-06-25","2021-6-28"
