"0","97","Goal decide","2007-10-02 07:35:02"
"1","64","Economy","2018-01-17 17:07:57"
"2","38","Education everybody","2012-02-05 04:58:53"
"3","6","A","2012-10-16 02:08:48"
"4","60","Beat help","1996-02-28 06:37:56"
"5","21","Pay","1972-01-17 16:28:11"
"6","51","Sort","2000-01-22 07:02:19"
"7","23","Onto prove","1973-10-19 23:44:20"
"8","81","Face hold","2008-03-29 01:10:38"
"9","65","Think","2009-04-26 11:21:31"
"10","79","Owner particular","2012-09-12 05:35:12"
"11","69","Drug sense","2020-04-02 18:37:15"
"12","12","Beyond management","1978-10-09 02:35:06"
"13","25","House hit","2008-10-13 02:57:06"
"14","29","Recent","1993-09-08 00:12:06"
"15","50","Understand","2007-06-07 21:53:05"
"16","9","Season","1993-02-22 10:20:08"
"17","26","Never","2015-01-01 14:38:56"
"18","64","Blood federal","1977-09-10 16:51:45"
"19","43","Capital","2010-12-13 13:12:16"
"20","50","Inside","1987-12-09 12:28:00"
"21","63","Shake color","2009-10-13 14:44:21"
"22","75","Product","1980-05-16 09:44:44"
"23","17","Coach item","2018-03-16 13:58:47"
"24","25","Government","1999-01-30 07:56:45"
"25","37","End social","2001-06-30 04:30:37"
"26","0","Heart","2007-03-17 22:28:09"
"27","10","Behind alone","2013-03-15 06:05:19"
"28","21","Detail","1987-12-30 08:56:24"
"29","11","Seven","1991-07-11 11:04:39"
"30","96","Machine","1976-12-01 19:25:43"
"31","14","Business","1995-02-10 04:53:07"
"32","23","Imagine","2013-08-28 22:22:37"
"33","3","Religious","1975-06-30 20:21:07"
"34","18","Apply single","1971-01-24 17:38:08"
"35","83","Through","2020-12-07 12:29:39"
"36","45","Against","1993-09-17 05:32:42"
"37","27","Interest","1999-08-11 14:20:36"
"38","43","Blue","1997-04-16 19:56:31"
"39","76","Against","2008-12-22 15:14:42"
"40","10","With","1970-09-26 11:19:31"
"41","15","Health central","2014-07-06 14:06:56"
"42","88","Catch","2010-01-18 01:03:31"
"43","51","Knowledge lay","1999-04-02 17:33:56"
"44","33","Very","2000-10-15 00:35:13"
"45","44","Finally","2000-12-03 14:22:33"
"46","54","Often","1972-11-01 14:44:26"
"47","14","Go structure","1994-02-07 22:45:31"
"48","36","High high","1996-05-06 23:47:01"
"49","81","Wife leave","2018-12-10 17:58:24"
"50","8","Other","2001-12-23 18:05:50"
"51","2","International really","1992-04-28 08:09:53"
"52","90","Quality","2013-09-14 08:09:27"
"53","28","Senior","1992-02-02 12:38:49"
"54","95","All","1987-03-27 23:52:21"
"55","76","Including","2014-02-10 03:57:54"
"56","65","Great artist","1993-05-30 23:28:26"
"57","63","Necessary","1977-06-26 01:19:39"
"58","19","Traditional since","1976-07-23 11:39:47"
"59","58","Admit perform","2016-08-20 06:57:10"
"60","28","Gun often","1978-07-06 01:22:30"
"61","97","Sport","2012-03-07 23:13:22"
"62","47","College anyone","2021-12-31 09:08:13"
"63","87","Result television","1988-11-19 19:21:39"
"64","64","Season","1980-06-08 11:37:52"
"65","28","Choice","1971-08-24 01:37:32"
"66","76","Work","1989-10-08 21:29:48"
"67","31","Minute","2020-11-08 03:03:56"
"68","87","Body","1994-09-22 05:04:34"
"69","84","In attorney","2016-06-25 03:28:36"
"70","77","Say power","1988-02-06 21:26:31"
"71","7","Election bad","1979-03-05 14:10:40"
"72","53","Day","2010-12-08 06:11:54"
"73","68","Science make","2021-09-25 05:22:51"
"74","13","Energy actually","2002-04-19 14:17:55"
"75","83","Entire","1984-09-18 13:51:57"
"76","66","Inside on","1998-03-25 02:14:20"
"77","74","Note","1984-07-22 03:13:27"
"78","12","Much","1988-11-03 19:24:31"
"79","43","Region meeting","2000-12-18 02:09:17"
"80","19","Parent","2016-04-02 14:44:31"
"81","22","Than hair","2003-09-25 02:33:12"
"82","25","Live","1973-07-05 07:04:29"
"83","45","Trial space","2007-05-14 18:00:57"
"84","75","American","2002-03-27 10:08:48"
"85","14","When develop","2004-05-03 19:27:09"
"86","60","Clear manage","2020-08-15 03:14:02"
"87","11","Likely","1999-11-26 02:02:34"
"88","99","Every family","1980-02-15 14:19:08"
"89","18","Believe democratic","2013-07-06 19:09:04"
"90","0","Nothing","1978-11-15 04:13:28"
"91","63","Very all","2022-07-08 09:52:31"
"92","60","Consumer","2003-02-22 15:09:42"
"93","80","Black","2005-10-06 22:33:53"
"94","38","Interview them","1990-11-26 01:31:43"
"95","24","Six","2010-06-20 06:37:53"
"96","72","Enough","2003-12-29 04:39:17"
"97","2","Company","1975-01-23 20:44:46"
"98","64","Picture everybody","1983-10-16 22:59:21"
"99","83","Seat","2009-08-02 00:08:15"
"100","87","Ahead","1997-04-06 07:59:59"
"101","99","Three","2013-11-20 09:35:41"
"102","16","Bill","2014-06-11 20:02:42"
"103","64","Production","1972-10-14 16:23:40"
"104","44","Executive","1976-06-03 13:35:52"
"105","83","Agency finish","2016-01-13 10:41:58"
"106","42","Respond seem","1997-07-06 21:00:04"
"107","82","Relationship power","1976-04-18 12:05:21"
"108","43","Prepare figure","2000-11-09 18:15:59"
"109","32","Hotel","2010-10-25 04:48:44"
"110","11","Talk our","1997-10-12 17:37:26"
"111","67","Marriage owner","1990-12-08 02:14:03"
"112","23","Eat interesting","1981-06-13 08:11:01"
"113","97","Try himself","1988-10-19 18:47:51"
"114","41","Create","1978-12-04 09:41:55"
"115","7","More","1974-10-05 13:48:06"
"116","66","Real decade","1999-10-01 11:03:49"
"117","27","Magazine end","2017-09-19 19:42:17"
"118","42","Ever","2008-09-15 15:57:55"
"119","28","Baby staff","2004-07-06 02:11:28"
"120","80","Recently","1977-06-09 02:42:23"
"121","24","Good clear","1996-02-11 12:32:38"
"122","96","Perform","2007-09-10 16:49:04"
"123","52","Challenge able","1974-03-04 01:16:47"
"124","54","Maybe","1975-11-16 08:12:47"
"125","34","Animal phone","2022-01-01 01:30:44"
"126","29","Develop","1991-04-23 03:31:48"
"127","32","Sound","2019-09-18 08:39:09"
"128","61","Amount thousand","1978-12-28 12:20:55"
"129","50","Player","2009-04-25 00:00:39"
"130","80","Republican","2014-04-09 21:25:03"
"131","62","Unit present","1979-07-15 10:58:37"
"132","60","Difficult","2000-03-26 15:08:37"
"133","77","Public","1981-10-30 21:02:27"
"134","29","Sport need","2014-07-01 11:30:20"
"135","19","Republican","1985-01-14 04:53:07"
"136","32","Investment","1975-09-29 09:57:07"
"137","93","So","1979-02-14 08:50:10"
"138","33","War","2008-07-10 07:21:40"
"139","47","Read wind","1989-07-03 23:52:56"
"140","70","Few party","2021-04-10 00:18:59"
"141","38","Meet beat","2011-02-24 22:57:48"
"142","90","Do worker","2022-02-10 08:44:00"
"143","84","Candidate","2007-08-09 17:46:24"
"144","75","Member for","2013-11-13 00:05:38"
"145","86","Both student","1986-11-03 11:31:12"
"146","76","State","1985-01-02 01:26:56"
"147","44","Not","1975-06-05 06:03:18"
"148","76","Whether then","1993-04-23 02:44:30"
"149","5","Wonder","1975-04-15 15:48:07"
"150","58","Air","1987-05-10 15:05:04"
"151","75","Strong work","1973-01-04 12:34:53"
"152","52","Pressure local","2008-06-07 20:35:00"
"153","29","Message","1984-02-16 00:28:35"
"154","47","Want","2017-08-31 18:57:41"
"155","53","Address","2022-02-15 20:08:01"
"156","31","What","2004-03-13 20:29:05"
"157","19","Above","2008-04-30 13:03:48"
"158","38","Part","1987-04-10 21:35:32"
"159","88","Your","1992-07-06 18:04:03"
"160","47","Those president","1991-05-11 02:41:44"
"161","78","Expect","2005-04-04 23:17:57"
"162","78","Fly understand","1980-11-16 21:23:22"
"163","9","Base","2020-07-12 06:37:57"
"164","39","Eat","2022-03-20 08:56:07"
"165","33","Above","1996-11-27 04:23:04"
"166","89","Policy","1982-12-14 12:19:59"
"167","19","Factor open","1992-01-27 23:44:22"
"168","35","Several each","1987-08-25 18:21:26"
"169","70","Together","1974-11-23 08:43:19"
"170","34","Somebody discussion","1988-04-30 22:20:04"
"171","76","Cultural","1992-06-26 07:45:56"
"172","62","Especially radio","2000-04-25 01:50:42"
"173","12","Measure conference","2008-12-06 22:24:39"
"174","90","Affect try","1987-01-27 19:09:24"
"175","8","Let","1984-09-15 10:36:28"
"176","35","Alone","2000-11-20 20:31:59"
"177","34","Book","1998-08-21 12:07:39"
"178","64","Member control","2003-04-03 19:44:12"
"179","98","That","1989-01-18 02:06:02"
"180","73","Whether project","1982-06-02 03:39:59"
"181","59","Small prepare","2020-12-16 17:20:18"
"182","76","Finish campaign","1988-03-23 07:19:50"
"183","81","Society street","2002-04-19 06:04:11"
"184","16","Person material","2012-01-16 02:27:00"
"185","2","Finish minute","1972-07-07 08:42:53"
"186","45","Create","2012-05-07 23:17:16"
"187","17","Big","2007-09-18 18:28:50"
"188","98","Environment final","2014-04-24 12:05:34"
"189","5","Have","2000-10-04 13:40:54"
"190","85","Almost","1973-06-05 09:30:50"
"191","99","Store","2017-07-29 18:38:31"
"192","63","Weight arrive","2018-01-13 16:39:43"
"193","25","Employee recognize","2014-06-22 08:10:42"
"194","20","Early","2000-01-09 05:29:30"
"195","23","Region land","1981-11-05 01:21:03"
"196","50","Do customer","2020-02-20 21:51:39"
"197","10","Amount different","2003-10-02 20:24:48"
"198","57","Certainly","2007-08-28 04:16:25"
"199","38","Usually measure","2008-05-11 20:17:05"
"200","22","Voice series","1986-03-30 14:19:48"
"201","38","Along","1993-12-24 02:30:49"
"202","68","Century","1970-11-12 10:04:50"
"203","17","Person","1974-01-13 18:00:38"
"204","37","Grow mention","1994-06-24 06:56:12"
"205","84","Trial set","1985-02-01 15:59:28"
"206","59","Find southern","1973-08-14 02:13:25"
"207","47","Nor actually","2015-08-28 22:58:40"
"208","25","Manager national","1980-12-13 21:52:04"
"209","48","Force relationship","1974-05-27 09:12:33"
"210","11","Sense","2009-03-21 12:52:38"
"211","90","Expert civil","1989-07-09 02:10:06"
"212","78","National","2015-02-08 20:13:13"
"213","78","Poor","2020-07-08 08:11:57"
"214","15","Entire","1977-11-25 12:11:15"
"215","42","Represent","1980-06-25 04:09:36"
"216","45","Politics country","1998-04-17 14:18:15"
"217","79","Thank","1977-12-10 05:05:52"
"218","99","Article","1982-07-11 11:23:45"
"219","91","Large","2018-12-28 11:41:09"
"220","90","Share","2002-02-01 16:57:32"
"221","90","Sign","1998-02-21 20:17:10"
"222","22","Despite","1998-05-03 00:00:31"
"223","23","Job","2020-05-08 14:21:18"
"224","41","Late","2019-01-22 07:11:09"
"225","5","Business song","1994-06-18 04:51:53"
"226","77","Us ahead","2011-02-04 17:02:32"
"227","21","Low","1997-04-03 11:00:00"
"228","14","Pattern","1989-09-03 19:50:29"
"229","33","Face conference","1990-07-27 09:52:41"
"230","75","Fill","1993-06-01 22:01:08"
"231","83","Doctor six","1975-05-22 00:05:49"
"232","46","Section property","2013-11-01 22:17:52"
"233","45","City","1975-10-29 00:12:31"
"234","85","Strong","1978-03-25 11:31:58"
"235","61","Center wait","1991-06-07 13:37:57"
"236","82","Pay","2006-08-09 14:21:33"
"237","66","Production arrive","2004-06-15 22:09:33"
"238","57","When factor","1983-01-10 03:49:19"
"239","22","Hour century","1978-08-03 19:25:15"
"240","80","Prepare old","2010-01-13 04:01:56"
"241","94","Various","2015-01-28 18:09:28"
"242","21","Among budget","1994-07-26 14:27:50"
"243","10","Sort","1994-08-01 14:25:06"
"244","83","Radio","1975-08-07 00:04:06"
"245","62","Indeed style","2017-11-06 22:39:39"
"246","68","Whole their","1995-11-19 05:33:54"
"247","72","Soon","2016-09-26 22:42:28"
"248","66","Entire glass","1980-06-29 22:18:58"
"249","50","Final sell","1990-06-21 03:28:10"
"250","12","Yeah along","1998-05-30 09:31:14"
"251","28","Evening car","1972-08-28 15:56:09"
"252","49","Central","1990-05-11 07:34:20"
"253","42","Program shake","2001-04-08 05:58:51"
"254","44","Lawyer where","1994-06-06 01:53:18"
"255","22","Third important","1982-10-06 14:25:10"
"256","35","Reveal","2009-01-09 13:10:40"
"257","21","Career","1998-02-11 15:08:02"
"258","26","Whatever other","1992-03-06 01:34:31"
"259","12","Example","1978-04-20 21:26:47"
"260","76","Too","2004-04-19 05:46:46"
"261","27","Rich","1970-10-31 03:54:15"
"262","4","Service","1998-06-02 11:13:03"
"263","35","Consumer nor","1998-12-16 18:19:48"
"264","86","Customer go","1996-03-11 10:32:33"
"265","34","Former some","1985-05-24 20:20:58"
"266","50","Pressure","1978-11-16 00:54:36"
"267","59","Mouth","2007-07-22 11:32:00"
"268","97","Thank","1993-01-13 11:40:48"
"269","28","Dog","1993-04-07 13:50:45"
"270","58","Young one","2011-07-28 14:35:17"
"271","49","Everyone","1992-11-03 00:52:20"
"272","57","Moment instead","2007-11-01 10:21:46"
"273","61","Seek go","1980-11-24 05:59:03"
"274","74","Offer few","1977-11-11 20:39:35"
"275","3","Environmental how","1986-05-22 22:22:08"
"276","60","Without","1986-06-13 15:56:58"
"277","49","Music effect","1996-06-21 10:59:05"
"278","27","Receive interest","1987-04-25 11:33:13"
"279","3","Interview","1997-11-02 15:06:53"
"280","42","New","1995-10-26 00:21:42"
"281","69","More friend","2001-08-10 05:17:45"
"282","86","Let consumer","2012-04-28 20:15:45"
"283","1","Someone however","1990-06-01 06:11:01"
"284","8","Describe","2009-08-31 07:07:21"
"285","33","Heart","2007-08-24 01:30:12"
"286","6","After","1973-03-17 09:44:00"
"287","67","Specific crime","1982-06-24 06:12:19"
"288","20","Professional avoid","1990-06-15 10:43:31"
"289","15","Story","2000-07-23 07:58:07"
"290","3","Upon item","1971-01-13 04:06:06"
"291","89","South site","1983-10-01 09:15:28"
"292","72","Eye","2000-08-10 16:51:36"
"293","57","Might","1970-12-17 09:31:09"
"294","36","Center level","2016-12-21 21:07:32"
"295","28","Country","1973-10-07 15:09:11"
"296","3","Include company","2001-09-20 19:45:25"
"297","95","Care recognize","2015-02-06 12:00:31"
"298","61","A picture","2012-07-28 15:43:59"
"299","43","Cup note","2021-08-26 14:41:32"
"300","93","Grow prepare","2021-11-22 13:48:47"
"301","65","Sell","1986-06-09 22:18:59"
"302","74","Front","1972-04-01 07:56:29"
"303","36","Face","1991-09-06 09:55:03"
"304","11","Always such","1977-09-06 16:22:23"
"305","52","Million catch","1984-09-24 16:48:39"
"306","37","Daughter interesting","2001-10-25 08:13:34"
"307","68","Would carry","2013-05-10 20:18:28"
"308","85","Own","1997-05-12 20:22:21"
"309","49","Owner house","1983-04-23 20:45:17"
"310","35","Enough","1979-08-01 17:40:49"
"311","91","Program","1986-07-26 05:50:11"
"312","32","Natural","2011-02-19 15:11:15"
"313","18","Material individual","1971-11-11 05:42:03"
"314","72","Live","2018-09-24 12:21:32"
"315","29","Report","1982-12-05 08:45:30"
"316","38","Leg lay","1989-07-05 15:59:34"
"317","85","Sport help","1973-01-13 09:32:26"
"318","43","Thank card","1974-09-23 12:52:11"
"319","51","Bill","1995-07-08 05:24:01"
"320","72","Kind of","1982-01-20 19:26:50"
"321","61","Room","1999-11-28 10:43:19"
"322","33","Hair","1976-08-31 03:27:36"
"323","91","Recognize","1971-04-02 17:41:07"
"324","26","Someone","1975-09-28 07:35:50"
"325","81","Wrong","2012-02-01 07:36:55"
"326","1","Especially","1971-07-18 23:15:06"
"327","36","Later","1980-02-23 13:07:02"
"328","91","Kitchen ok","2017-01-14 21:19:22"
"329","24","See","1993-05-08 13:03:39"
"330","20","Choose","1992-01-13 04:04:39"
"331","51","Front current","1979-10-19 09:37:12"
"332","64","College suggest","1998-07-21 03:14:32"
"333","27","Commercial","2016-09-28 17:00:27"
"334","27","Court lay","1992-01-16 08:53:09"
"335","50","Perform","1988-11-23 20:02:19"
"336","33","Side but","2003-09-13 09:34:13"
"337","74","Cold defense","1984-03-16 15:22:58"
"338","81","General","1990-10-20 18:01:33"
"339","28","See","2016-11-24 16:12:32"
"340","53","Commercial daughter","1987-07-21 20:36:30"
"341","75","Send","1977-11-23 11:41:08"
"342","44","To","1996-01-29 04:42:37"
"343","58","Final table","1994-08-10 00:28:04"
"344","41","Open","2000-07-25 19:35:31"
"345","62","Whole clearly","2014-11-08 02:46:15"
"346","90","Want level","1992-11-11 06:40:23"
"347","45","Former","1995-07-31 01:52:56"
"348","16","Whether","1985-05-13 17:00:26"
"349","69","College interest","2002-07-07 20:29:58"
"350","63","Star second","2010-06-28 08:34:53"
"351","89","Nothing middle","1974-05-30 08:34:04"
"352","80","Success","1982-01-13 16:04:23"
"353","56","Plant we","2003-03-21 21:06:20"
"354","22","Stock opportunity","1986-04-20 07:08:13"
"355","77","Wrong","2011-10-21 08:30:47"
"356","27","Employee hear","2005-12-08 01:48:36"
"357","79","Anything kitchen","1974-03-27 16:05:53"
"358","83","Suggest","1984-12-28 14:06:58"
"359","29","Total leg","1970-04-09 07:44:25"
"360","31","Ready same","2003-03-22 06:21:06"
"361","7","Protect","1999-06-16 08:58:05"
"362","16","Prepare","2007-05-19 07:37:30"
"363","60","Wide","1979-06-10 20:13:26"
"364","17","Official cultural","2000-08-11 08:01:27"
"365","77","Become","2022-10-03 06:30:15"
"366","16","Find","2008-05-19 14:30:27"
"367","78","Picture nature","1974-10-22 07:35:59"
"368","20","Thousand","1983-10-25 02:26:56"
"369","75","Family","1971-11-04 02:17:32"
"370","51","Add wear","1975-07-06 03:38:45"
"371","85","Half to","2020-04-28 11:48:04"
"372","80","Range support","2002-11-08 11:14:20"
"373","50","Enjoy until","1984-07-18 19:23:15"
"374","30","Ground protect","2013-11-25 10:14:21"
"375","97","Focus","1990-02-07 02:08:09"
"376","59","Voice","1977-06-07 14:20:56"
"377","92","Believe","1984-03-22 11:38:39"
"378","63","Agent","2014-03-15 22:36:56"
"379","66","Hour continue","2008-08-14 03:39:45"
"380","64","Price","1984-10-10 19:35:32"
"381","84","Feel push","1988-02-14 12:02:20"
"382","39","Threat base","2016-04-15 04:45:30"
"383","91","Science","1998-04-29 23:36:12"
"384","47","Avoid area","2000-01-10 11:05:48"
"385","69","Hotel their","1982-09-07 05:35:00"
"386","91","It","2002-06-09 00:05:51"
"387","78","Civil","1979-05-17 08:41:23"
"388","7","Already","1980-01-26 14:10:24"
"389","40","Media economic","2022-07-22 11:53:12"
"390","37","However","2015-03-02 09:53:45"
"391","17","Certainly can","2002-08-15 08:41:16"
"392","34","Right great","1974-11-03 14:14:14"
"393","17","Senior national","1976-06-05 13:07:13"
"394","21","Court their","2007-07-04 00:22:54"
"395","74","Camera","2020-09-25 07:46:39"
"396","31","Town","1987-04-25 01:39:04"
"397","57","Although identify","2019-09-05 10:00:27"
"398","55","Military","1998-03-06 03:18:20"
"399","7","Game","2004-03-26 00:24:57"
"400","15","Rest southern","1991-08-12 10:03:18"
"401","57","Response stand","1985-06-01 09:16:07"
"402","44","Method year","2001-10-18 12:02:11"
"403","35","Base","2020-02-19 06:00:00"
"404","65","Speak base","1998-07-23 09:11:43"
"405","26","Follow","1986-06-17 22:54:13"
"406","71","Section","2022-04-08 14:12:41"
"407","88","Property record","2002-09-24 10:11:48"
"408","41","First","2016-11-26 16:43:37"
"409","78","Region","1981-08-01 07:55:35"
"410","58","Happy","1995-12-03 01:15:26"
"411","52","Practice","2013-10-23 03:53:23"
"412","11","Lead money","2014-08-07 12:41:56"
"413","35","Environment also","1980-11-17 11:52:53"
"414","47","Heavy","2000-02-25 11:10:11"
"415","36","Poor style","2010-01-03 16:08:00"
"416","7","Trial parent","1971-12-08 18:10:39"
"417","2","Also actually","1996-06-09 22:22:06"
"418","78","Arrive","1978-09-25 14:56:15"
"419","86","Everybody simple","1995-08-26 15:00:30"
"420","83","Majority music","2008-08-20 03:50:38"
"421","13","Paper share","1970-11-04 07:40:46"
"422","73","But church","1978-12-17 09:23:42"
"423","91","Table authority","1970-02-16 16:45:59"
"424","30","How add","1984-11-10 07:39:13"
"425","45","Week throw","1990-05-18 19:29:57"
"426","73","Ability","1976-08-29 05:05:10"
"427","53","Wrong series","1974-03-27 09:29:23"
"428","32","Six","2015-01-28 21:02:50"
"429","5","Media various","1985-02-28 15:59:20"
"430","97","Trade yes","2006-03-19 02:51:00"
"431","74","Big executive","1982-11-14 06:49:48"
"432","97","Agreement degree","1987-06-05 02:08:33"
"433","80","On almost","1977-09-09 10:28:53"
"434","55","Apply where","2003-10-28 22:17:39"
"435","74","Travel","1985-06-24 10:33:53"
"436","4","Care","2021-11-13 09:48:11"
"437","90","Indicate person","2015-08-12 13:57:56"
"438","25","Former","2013-02-26 21:56:35"
"439","86","Leader","1989-11-16 00:22:18"
"440","13","Fire visit","1998-01-25 20:13:20"
"441","50","Early civil","2021-07-03 11:44:54"
"442","97","Teacher away","1988-02-14 16:54:50"
"443","54","Yet","2012-06-08 07:32:02"
"444","82","Form","1998-04-18 07:48:13"
"445","75","Address tend","2017-03-10 23:15:31"
"446","77","Contain","1991-02-27 22:49:10"
"447","70","Human","1994-03-09 14:46:38"
"448","61","Sport","1986-01-01 05:13:16"
"449","87","Many","1974-05-13 15:31:24"
"450","16","Whom","2006-09-07 05:04:25"
"451","0","Career","1989-02-27 18:41:11"
"452","0","Most","2009-04-19 00:31:43"
"453","41","Tend morning","2011-10-27 20:40:36"
"454","58","Place","1986-11-24 03:52:36"
"455","14","Step society","1974-01-17 12:47:06"
"456","5","Man bill","1990-05-20 18:19:23"
"457","53","Experience number","2014-01-21 13:22:36"
"458","98","Animal","1971-07-11 08:46:08"
"459","23","Green doctor","1992-12-22 18:01:40"
"460","33","Fall","2003-10-19 15:29:40"
"461","52","White","2021-06-04 22:11:10"
"462","51","Catch","1979-09-30 14:29:39"
"463","97","Note","1999-12-16 00:48:34"
"464","42","Town player","1995-08-10 05:09:23"
"465","4","Final must","2013-12-18 11:23:36"
"466","36","Third","2009-12-06 18:12:58"
"467","66","Tonight","2000-02-03 04:46:36"
"468","63","Subject","2010-12-06 23:58:26"
"469","9","Total how","1987-03-14 22:19:29"
"470","22","Outside","2020-12-30 01:45:26"
"471","13","Red city","2017-11-05 10:54:57"
"472","55","Plant","2012-05-23 02:46:59"
"473","19","Woman television","2020-04-07 23:04:02"
"474","15","Small company","1972-01-21 03:41:27"
"475","87","Deal","1980-10-20 18:45:34"
"476","95","Trade TV","1996-03-03 00:51:45"
"477","71","Food","1989-02-09 08:47:02"
"478","14","National","1976-07-27 15:20:52"
"479","2","Way","1973-04-30 19:06:40"
"480","17","Money local","2001-03-21 13:47:47"
"481","50","Truth however","1984-06-15 13:02:56"
"482","69","Pressure","2017-08-14 04:44:51"
"483","89","List","2007-12-20 15:06:11"
"484","12","Suffer","2004-05-13 23:15:26"
"485","77","Perhaps modern","1971-01-24 15:24:55"
"486","35","Specific","2006-10-15 02:33:36"
"487","3","Table along","1996-01-02 15:03:48"
"488","38","Good across","1980-10-20 18:03:38"
"489","90","Resource night","1995-03-01 14:08:04"
"490","35","Down city","1986-12-26 13:40:16"
"491","82","Identify network","2014-11-18 00:47:17"
"492","10","Several","2017-02-20 22:05:14"
"493","66","Peace","2010-02-19 03:58:27"
"494","67","Buy structure","1982-02-14 17:45:31"
"495","18","During","1983-12-11 06:40:22"
"496","12","Tell","1975-06-08 15:14:33"
"497","63","Plan seven","2000-03-18 06:02:01"
"498","36","Now them","1979-10-02 08:58:35"
"499","3","Hope","1970-02-02 06:30:58"
