"0","tamaramorrison@hotmail.com","pbkdf2:sha256:260000$LJmljblA2twcCAPV$bfd1481c89236587b0df3675d4d031dc33a49c3e9230f77773c0dc89731ccd65","Gary","Cross","1945-12-15"
"1","martha10@hotmail.com","pbkdf2:sha256:260000$LJo4qaKF0tO51PYG$df27c337917777d5cf4b6758718efcfabfebc2d8877470c1f823b87fe25d90fb","Denise","Thornton","1909-10-01"
"2","deborah64@gmail.com","pbkdf2:sha256:260000$kaCXBYTALWh006wU$61040166d78f4a954680a339737724b5024885188416c703ea04872abb0a7907","Jeanne","Green","1983-02-07"
"3","franklinjames@yahoo.com","pbkdf2:sha256:260000$VEoiVg4yDaUHPUh2$8ff251d083217e8918531a96a6f498189b627dfdfae29f51f4e9e78971ad5176","John","Hoffman","1944-11-29"
"4","samanthasims@yahoo.com","pbkdf2:sha256:260000$3UOurv0vx8qcaxxm$f225409004f500564867bcd805e4ed83410f0d51a1929ec0252dc5c09008e16d","Timothy","Parker","2016-07-08"
"5","taguilar@hotmail.com","pbkdf2:sha256:260000$ZuF6AgL5tezxXdE1$6c992f7f66fa2124561ce05ac2f53eae573506f98b6a6a36755f2d6511bda1c5","Linda","Freeman","2016-08-23"
"6","georgedavid@yahoo.com","pbkdf2:sha256:260000$6T5oXxbws1J2yefw$c267bb0919a70af6cc1726df9c8117a2daa8682d5cd0e642d47d36e5e7c33d62","Sandra","Brown","1921-02-19"
"7","chad50@yahoo.com","pbkdf2:sha256:260000$OPXRYSaRjrArymQr$5cfb8702d009ed08e0996621678b57fd11e607ebb5701e3bb2b2cf931a764464","Paula","Wilkerson","1954-02-25"
"8","jyang@hotmail.com","pbkdf2:sha256:260000$p82zckW8tfI21w2D$46c9acd3e05a6198d15e91bbd9e8fe299ca3cb18c9bdf0910269ef099ddf5b76","Willie","Garcia","1964-04-07"
"9","bramirez@gmail.com","pbkdf2:sha256:260000$tY7Jy266FpDIowGr$6d53298e4b0cffac01a607ea19f13d8c4771c9ff752472daf77441e57632d263","Michael","Montgomery","1943-07-25"
"10","kellypeter@gmail.com","pbkdf2:sha256:260000$WwQgVeEjhjuJSjVG$73227f66948808aa4b7398d4062987aed6acc23ca310d80bf914e93592b55baa","Melissa","James","2021-12-23"
"11","tarasanders@gmail.com","pbkdf2:sha256:260000$rFPlGHVjF3gtjl26$856770ef777c7efff37536a0d397eec4e6df7a292a4af23c29d21c1787cb3943","Lisa","Bush","1968-07-21"
"12","virginia18@yahoo.com","pbkdf2:sha256:260000$BjbDg3H5IO8X21Wk$3980cb7b98a0bbc0e94526c0e03ccb5d161154dec2bb9dba4466866dddcb5971","Bruce","Miller","1989-11-02"
"13","jensenanthony@hotmail.com","pbkdf2:sha256:260000$V5u0SORNMlE5uCSt$be68ef49199cb2a05b43f696f3fc3a53ffd5dc001bc1f43ec9cd65ddfb3ff859","Mark","Burnett","1955-08-12"
"14","kmalone@gmail.com","pbkdf2:sha256:260000$zRcmAYXKLV5gyFpW$93ed4830859af1e6330acd74f7e5e9accd5f7f3d8e386d87d0e3360fd12ebe29","Courtney","Valdez","1962-06-18"
"15","kingerin@hotmail.com","pbkdf2:sha256:260000$5CV68RRLoDqImGOa$2a5f49cac201bd755e89bdc6323cc2d5ca572e9a3c8a4865675aeb17533ee607","Henry","Moss","2012-05-29"
"16","meganbrady@gmail.com","pbkdf2:sha256:260000$mOiR1arTk4FuDusc$b6212f3cdfdca4955cdf919322c9836e576a83a3e68d09fd63ba306bcc5bf861","Amy","Fowler","2013-08-06"
"17","kgomez@gmail.com","pbkdf2:sha256:260000$uelPW0dy2itoS3el$e3edbac861fca6e01ec3b72423690e00dabfa0ac67e5cca500b293228cb16265","Tammy","Reilly","1983-08-16"
"18","thomaspeters@hotmail.com","pbkdf2:sha256:260000$tlx0IgHAE146i3aT$6e2b04310d3a38a5467820ac8b6971b94d7e4b0096e65297c0e9e73a67658e61","Robin","Harris","1918-01-08"
"19","susan06@yahoo.com","pbkdf2:sha256:260000$NAi4t1FwBWAFMUwj$367c941b826d1c564611e3bf34f8ec83cb2ac26b3673dc035ae7418fdc78f4eb","Jared","Vaughn","1928-02-26"
"20","william86@gmail.com","pbkdf2:sha256:260000$lRlqh4Xmo3fUEhr7$08e693f8ca303e573736c0889d95973b1ac29721ae13c12c38e4f1e4930e7eb6","Lauren","Mcdaniel","1924-06-21"
"21","michaelanderson@hotmail.com","pbkdf2:sha256:260000$lRpjHJBY3CwlOIKT$61ed197dae9168257e43571ce1396556dd96be80aca891a7cbe0676d632baf5f","Brian","Richardson","1955-05-22"
"22","deleonwilliam@gmail.com","pbkdf2:sha256:260000$GA37Ch7r47eFYeup$0ea9afca29e68dfd877156827618a01d974af8f971760cf27360428485cc7e11","Maria","Harris","1910-04-25"
"23","joshua07@yahoo.com","pbkdf2:sha256:260000$S5xBntL39q2DtDhi$8af6a62aef5408735b22f016e7cd72b96a6b647c23b6fb89f275df716b485d21","Heather","Davis","1976-01-29"
"24","leonardsutton@gmail.com","pbkdf2:sha256:260000$cWyzEPdDgFJoyT6G$6f3ddf3a6f73c22eb4810e410fbadaae4a63cc9929eb57230bf244dc56b893e7","Patrick","Spears","1971-01-05"
"25","hromero@hotmail.com","pbkdf2:sha256:260000$WCOWO3Z4yMaDZ9ud$2a665a036629dd6a180bde66c2189267fcb428f327c6e2a8ea574192e33f1a1e","Debra","Aguilar","1921-03-02"
"26","angela30@gmail.com","pbkdf2:sha256:260000$t3tBQjjQieF2Gv5B$f2f05ca5e4f2b86301ab169b6ef5c2d78b0e6d7e655821cb45fdf6e54f297b7d","Cody","Crawford","1915-04-13"
"27","ygraham@hotmail.com","pbkdf2:sha256:260000$wswnIqs46Mr7IopD$49ea32e0d4016485ea9455304cfb597efa63908ad9b541615f3929cd593032b4","Cynthia","Faulkner","1910-02-10"
"28","millerlori@yahoo.com","pbkdf2:sha256:260000$pyX7XgCmSXc3XbpL$7058923afb457d7c2c1517f17c9ef3a6371edcbbb771882d78bfb37557e7ad0d","Kelly","Casey","2002-12-11"
"29","pmartinez@yahoo.com","pbkdf2:sha256:260000$JkQqtnWPZVpXNM1j$ef3d0fa8133d86bc071269b5a43eedec84e67896c779daeb5172c9cab92759d2","Thomas","Patel","1945-02-21"
"30","stafforderic@gmail.com","pbkdf2:sha256:260000$kP83Ru5PGyt5t5jb$d7ca078aa4e8333034cc0a8690949b45ac564ecb3e72da5c1a61c482213bba58","Johnny","Martinez","2007-08-16"
"31","smithsabrina@gmail.com","pbkdf2:sha256:260000$nYJeV9h9AtRoyeZi$788124db6fe6d258a005a63f3aca7b60fc3c169812d86ee5b7721a41401d47d5","David","Turner","2019-12-10"
"32","rmiranda@hotmail.com","pbkdf2:sha256:260000$cM72iiS5PxNsX2M0$6c8afd24914cee291e03c756ece2a2f11866c97d825171c905184b2414ac114e","Evelyn","Hendricks","2017-06-10"
"33","millersamuel@yahoo.com","pbkdf2:sha256:260000$QPshI3km4JDu77tz$b4b2d85aff540e950eade9a0cd28843d203ae710927fee76da03a0a99b944e1f","Paula","Walter","1980-08-07"
"34","cherylstewart@yahoo.com","pbkdf2:sha256:260000$JLsl4KsGfoTTytX8$6304c413cfa845c76c0f9ead402820024fa842794692bdcd397b709c210d7c98","Derrick","Webb","1965-04-27"
"35","santanajimmy@gmail.com","pbkdf2:sha256:260000$gGjZ51shJIuLJzhM$eb46ebc789031f04d3fe5574d16227e9f000b7abfe587929faa33af77a05bdc9","Patrick","Graves","2014-02-23"
"36","stephenbeck@yahoo.com","pbkdf2:sha256:260000$VvrDkSCsp9yGMbXg$ea7e11f441ec15e05a59c98a7c6cb6f7378b374159d1e18503d01089325e7ce6","Leah","Bell","1938-04-22"
"37","palmercassandra@hotmail.com","pbkdf2:sha256:260000$2iCpC1hVXGnhsyWC$d5695789dbf9679cc9a5971361c515e397471c16dc58cf5402731e1d31531db1","Dalton","Fritz","1985-04-24"
"38","alisongreer@yahoo.com","pbkdf2:sha256:260000$D5X27D9BsKVvWPXq$a8ada3eae7ba47fdab5344b7ba365a03e7a168acd4f3d22e60b42c8569607b49","Madeline","Stevenson","1954-06-06"
"39","jasondavis@hotmail.com","pbkdf2:sha256:260000$g9KmkrrRHEIlmOyd$0d8091c701956d79663cd81617face59d0a85782b9e812baea8497a1a26a5db5","Valerie","Charles","1926-05-28"
"40","markchan@gmail.com","pbkdf2:sha256:260000$bdIRMJQ7HjqBucal$84951400533bb1d7204f442f2600f7419f3cb25b375220ac2e5592334a558ca8","James","Scott","1994-01-15"
"41","castroallen@gmail.com","pbkdf2:sha256:260000$Jv1IdstJ8qjRiebF$fadc7834d9e7fd5388d70f398313f683d6ed7311caa729b8f1842e55b352453a","Jennifer","Garcia","1920-06-23"
"42","caleb01@yahoo.com","pbkdf2:sha256:260000$0AdX0ExofejtwHoR$726fa8d528f3ec84396024200461336888e3aebd9638d4f85275b1852e7e4e1d","Keith","Jones","1958-05-17"
"43","guerrerothomas@hotmail.com","pbkdf2:sha256:260000$m6LMdmDXZZTYvkbt$a4f70185b83aa9337c856adce2a887ba376ab3918a36a4d505d55a0b1232df9c","Lori","Moore","1945-04-19"
"44","allison58@hotmail.com","pbkdf2:sha256:260000$fd3vJoZeVWK2FF0S$ca3996ebf0332068257c8a614bf5a538eed993333603091bf600a6b445157224","Ariel","Freeman","1984-08-20"
"45","jeremy24@yahoo.com","pbkdf2:sha256:260000$AMrBaB0s9HoE0psk$18814e260d64462fe47e8d0fabefae740483722ae456f4b8c8b3b2bacbb90bba","Randy","Bernard","2018-10-06"
"46","johnny46@hotmail.com","pbkdf2:sha256:260000$NMDktPUtqLQhcka8$93cb321d4a19a44556a7a430c78cdb0c296ca4b9c6397ba2af886bf4b034e8ea","Timothy","Kerr","1976-09-27"
"47","james07@yahoo.com","pbkdf2:sha256:260000$pLnmdpMi8aDmlaF4$86f27ebd70ed5ca9a730010fc2858168688ed2cbc3ca2dd7ec42fa07f8c30aa9","William","Crawford","1917-06-02"
"48","marquezpaula@hotmail.com","pbkdf2:sha256:260000$uHYN7UtClg0J21FD$6c896fa9a4286ca06dfe414f253a81d052ea8d844fe447b97bb7765f683fb9c7","Jonathan","Davis","1921-03-14"
"49","josephmason@hotmail.com","pbkdf2:sha256:260000$SwkaxoADow0fn1M6$f6d7ed1cf4223d34237999e456bb45e5bfa72c5e1f754635524089ddde08b7a7","Kathryn","Noble","2020-03-17"
"50","richard56@yahoo.com","pbkdf2:sha256:260000$QZRQ9KSO4wIQhcsD$269c3fa9c4de326deec976d5ab9a59c28cb4a1dab4a7d888adb3b81ab046f198","Daniel","Cortez","2001-08-18"
"51","fosterbryan@yahoo.com","pbkdf2:sha256:260000$iYsZSqLQX1SLbthv$624f28a60fc09518085943b855a084b69c6d289cebe2d47aeea74242016c478b","Kenneth","Boyd","1966-01-14"
"52","anthonyvincent@yahoo.com","pbkdf2:sha256:260000$5mLi0s9OR18wOWQo$fdf9786095fdff1e53bac0916bdc558eb8678474336efee6c63a7ea6be572b62","Renee","Moore","1942-10-11"
"53","sawyersamuel@yahoo.com","pbkdf2:sha256:260000$4KclMFHIv1oQeZMV$ffced762578d0e163271ef19f131cd7a03fb71a912e7ca10d6fb69e01c34c6a1","Alyssa","Farley","1935-11-27"
"54","gstone@yahoo.com","pbkdf2:sha256:260000$p0Kxpol1FPuL2FXF$ae29323f1f277f2b7ded503ce429fcce4c0780daec9a961d29a8da9e71cdcaeb","Alexis","Williams","1987-11-25"
"55","kevinflores@gmail.com","pbkdf2:sha256:260000$H589aUiIYvRvIEsr$32030f99f2ab86f16084c170ec471ac4d1a9188f2c1a25c6cc4dfbd91f5d9902","Jasmine","Castro","1991-01-28"
"56","gordon43@hotmail.com","pbkdf2:sha256:260000$oCSVbwdy3Bek8qFi$8cb236534845eaf990b167f9bccdcb00380f9ca539fc6339b75c3a8632737d1b","Joseph","Williams","1985-10-12"
"57","kennethwashington@gmail.com","pbkdf2:sha256:260000$aZlpBDsCQZlenam4$ec202a217ff69fd7d82c388e420ae649adcd05880a6da9bb13b639a26d2ce815","Jennifer","Marsh","1965-08-11"
"58","hamiltonchristopher@gmail.com","pbkdf2:sha256:260000$jgvL6ib19T0bECDb$e919b9ea952672a940636dcbfd71a972b064b23fc4b109ed82c3efc7fd1efb5b","Anne","Michael","1913-09-16"
"59","nsmith@hotmail.com","pbkdf2:sha256:260000$WHKqAlIpzSY9Oqh8$020c91ec40225c82e05f98bd86e63c7e9f592a8d8a0fe3710a0703380b19969f","Joshua","Duke","1978-02-17"
"60","jennaarnold@yahoo.com","pbkdf2:sha256:260000$HHFkC8zOZXfSGbNo$aa84e88e8a4774b90dcc3b421a321eb8b8b5f51efd51b285108145a2bee9222e","Susan","Turner","1970-04-17"
"61","scottzimmerman@hotmail.com","pbkdf2:sha256:260000$ZEYhSGy4nbyDaG9L$420d27ec89894c2a949c157159ade1ad70639cbcb93a601163c8b31dcf9f30e2","Julie","Dominguez","2018-02-06"
"62","bonnie89@gmail.com","pbkdf2:sha256:260000$KzgVSyvPV04LH3aq$4f7d96cf9ba2afe5f69b69e7788ec9d59c4e5936b8694e7a1991c4a27b8e6998","Dwayne","Osborne","1990-09-15"
"63","cindy30@gmail.com","pbkdf2:sha256:260000$quFgMjIxZGKEtwm0$9da6f9ee9f03d8a62916bcef7a29933dbeb37813156226ececc3e16da955060b","Antonio","Thompson","2022-10-05"
"64","qhenderson@gmail.com","pbkdf2:sha256:260000$iwjpd4JijjPqmsty$c093291eb4a409aaf57ac3896b166952cfc54f60e774795d2403116ada3d85ed","Yolanda","King","1987-06-16"
"65","nancyturner@hotmail.com","pbkdf2:sha256:260000$ibecedzXX2uVUBy8$987f27930894690e6f42ccd2677d79675fa79685f5ef74dea84cc43a7c973fb5","Richard","Woodward","1915-08-22"
"66","bradley51@hotmail.com","pbkdf2:sha256:260000$6NIsAHHozzAFpgN3$040253aab233ab673ecf53943be3f14d4c98f6f379d62a40230746638e5c6fe5","Jeremy","Costa","2000-09-15"
"67","matthewpetersen@hotmail.com","pbkdf2:sha256:260000$PexsFUHPdEjU2BX4$945d12a84f410dfffaa391e7c4a85921d548e195c21e601d999f70022acab166","Robert","Dunn","1948-02-21"
"68","uhill@hotmail.com","pbkdf2:sha256:260000$EA78YnSkJzFv4klY$902e38fcb50ffcc355d891d98f3be7a7f65a624b71f23e7a50e36e1c6d067a2b","Tonya","Andersen","1909-07-28"
"69","lisa79@yahoo.com","pbkdf2:sha256:260000$hzIt4GUPDDMjukhq$db0b06d76ad71cb2952b7bba466de552af0675832d8e49d214f45c869f222b06","Stephen","Bernard","1944-10-12"
"70","richardsonjerry@yahoo.com","pbkdf2:sha256:260000$KGyTjvZa3DsFSUfv$3e7aad9bf8ed8fd200519ce67d9011305bd350a1b185f2f2cca5de2411d96746","Amanda","Gonzalez","2011-06-28"
"71","jmcmahon@gmail.com","pbkdf2:sha256:260000$DZSlVLG6g6rb6yQc$c163c891d4a2fdc22fa21ba92b92fed69dff7397a3bc84cee6f92f94f166f825","Jimmy","Walker","1978-03-28"
"72","wrightkaylee@hotmail.com","pbkdf2:sha256:260000$ipyIKGnM2Ti7BBjw$4d0c1f0242f15e4079b0cee1199a4cc3ed4d1843597d88c8db633aca05da8702","Austin","Holland","1919-04-10"
"73","danielbernard@gmail.com","pbkdf2:sha256:260000$hcmDWTi5ne73ZuFK$59fdaca0ca17f574847240744c43b4b7968752e16ef8b58ceb05fd376bbc4582","Molly","Fuller","2018-05-16"
"74","wbrown@gmail.com","pbkdf2:sha256:260000$KWIcKbPua8WegAUI$e395f7eac70f4dc5448545cac315cc0af9ed2997ee4d903ceb116fe4b6c1fd49","Doris","Kaiser","1969-08-31"
"75","ofernandez@yahoo.com","pbkdf2:sha256:260000$rpb3ZYWQcPilasJD$0506895de69092f45a4c5768914e91a954119da766fab260dafc73a4bbc67487","Tyler","Curtis","1949-12-22"
"76","conradthomas@yahoo.com","pbkdf2:sha256:260000$Ah3EKByj8i0UYRsV$5ce372b22b5b6876ee4de524ccbdd96921bf11f6a0346f92a82f9f62742d02f5","Angela","Tucker","1959-09-02"
"77","savannahsoto@hotmail.com","pbkdf2:sha256:260000$huVZQUBeiFIbm5xB$99c30fad5abd06bf897ef9d23f4673150f0f00b1e9754d76e926c3c7400ac3c8","Robert","Gould","2001-07-16"
"78","debra49@yahoo.com","pbkdf2:sha256:260000$fE2q8yrMdKQGe5Yy$bfb978d3c4cabf1f984b39eecd46ac5266799b70ec5a6c80b59610540a072ebb","Cody","Morris","2021-09-18"
"79","edward63@gmail.com","pbkdf2:sha256:260000$VgTWdRIL7XgH1uIv$26930d323a872606c4b8effeb79d0f1bd8b555d2f8fffbf3df12d60e9b37228d","Valerie","Jacobs","2019-08-12"
"80","deborah77@gmail.com","pbkdf2:sha256:260000$gFlOsbLbEBq7xWmP$df466f91917d2d2a499ed97a2788f51ee0c255659b82ea3c249299e63db0e564","Deanna","Holt","1992-09-03"
"81","opoole@hotmail.com","pbkdf2:sha256:260000$rwKrfHmm9E8qM1Ua$e6f51d328fc89e7d426f22383cefecded7b556eb468194df761c7ecc585e3fd1","Larry","Palmer","1980-01-14"
"82","dwells@hotmail.com","pbkdf2:sha256:260000$K8CyyiAqp266zNVJ$4b858be64d2ff904a4a45a11367409402458d0c7190600fdb8dc3e7cea0fed84","Kristina","Higgins","1931-08-04"
"83","qstephenson@hotmail.com","pbkdf2:sha256:260000$YzYBa0KdJU608alw$b9b687604c9ab0550bc524ef61c3528d19add947e780f1345d7c8f769098ca49","Shawn","Matthews","1925-02-19"
"84","jeffreysmith@gmail.com","pbkdf2:sha256:260000$UH4t4uGEGzOvTrDE$adc66b063323bd048ac597cd49e78ad664b93c24f4b10317ec055b25fe661c30","Samantha","Parrish","2001-11-27"
"85","marydaniel@yahoo.com","pbkdf2:sha256:260000$6fxtapvJAgG1GBnq$4961b166afa872c4449771e36862f787d6a9c03daefd109b19731ad203a7c042","Tonya","Jacobs","1947-03-24"
"86","jerrybrooks@hotmail.com","pbkdf2:sha256:260000$jaT4vIeDhxXQIg4f$275f64d3157d3a87f8d25806e37a8250178f93482cebf75acb5d93886a93b04a","John","Beck","1968-08-03"
"87","mcbridemary@gmail.com","pbkdf2:sha256:260000$733UQC3m8XqBCAp4$0098c3ae6f3ae96530ce6dae94edff5592cbf7370a16d70e8066412bbc3ea522","Laurie","Underwood","1927-11-23"
"88","ycolon@yahoo.com","pbkdf2:sha256:260000$XVPnaci9nbsYBHEZ$0b2d34bf8e06d5bae157ae360dc51090bd0d0acf6f8e43a2cfcfc65aa23dd7b4","Linda","Orozco","2018-12-09"
"89","michael74@yahoo.com","pbkdf2:sha256:260000$dx5K1vFoBoopiX2W$bb276d9178005a5fc59a03eb78826e7c8f8f643cdfe5be74337f38ff9e2e7275","Kimberly","Park","1983-09-11"
"90","dillonwest@yahoo.com","pbkdf2:sha256:260000$kBa2EoWU6CejdXYt$bbfa03651ae16c8a7be49f0829e93c489f319c2d650dbbaa2ad6b552e9f32605","Cynthia","Lyons","2017-12-27"
"91","sarabender@hotmail.com","pbkdf2:sha256:260000$xHJdpbfTSrXcYaOV$7816a7d5505955a5c09e3ccd8f095e27bac0f97c000ad280a018d7e0b5093557","Daniel","Hall","1907-05-11"
"92","jeremy83@hotmail.com","pbkdf2:sha256:260000$Gm1hXjTrckoBl24Z$facc804356bd3eff09072b862489cb2576a6fef2f682b0d2a992a6fd93469683","Spencer","Duncan","1932-09-29"
"93","jonathan73@yahoo.com","pbkdf2:sha256:260000$bWYb96p3stvLmvOf$5278e0176c9de00c62bdbf67a3557672180e443f6df752d9a91daf0ac1eaec4b","Cheryl","Acosta","1999-02-26"
"94","alexandramitchell@gmail.com","pbkdf2:sha256:260000$UXWMzyRZYnJPQsXg$291aa1d362e4c6a419ab56e3928d6b8499b45a74d219f40bf04c0f31a94ee70c","Matthew","DDS","1908-08-11"
"95","mathew17@hotmail.com","pbkdf2:sha256:260000$VySf34BS80J6ideO$3145c7b4f813c208604c1708aafa4ab9eef4076fa3054404a6ba8790290e02cc","Angela","Peterson","1914-11-28"
"96","pgriffin@yahoo.com","pbkdf2:sha256:260000$CMCYlcrnIErdiMc9$a2b3b23fc551b310a083ec8bcaf26cadb6f409b52b247e00d15fc17534aeed40","Adrienne","Friedman","2001-10-30"
"97","kennethwilliams@gmail.com","pbkdf2:sha256:260000$rXPqLz3nssTQqENm$e81114ff21ceb46b768c720133050d5e99b9cb5901c0ffb89b403db7dee08022","Donald","Thompson","2022-06-26"
"98","shawnharris@gmail.com","pbkdf2:sha256:260000$Sew4cGVX7Jf8QmQG$a631a22ac4fd47572632e50a440a925b8cc7f44580028eac7806c48c475cf59d","Bryan","Scott","1978-12-13"
"99","danieltucker@hotmail.com","pbkdf2:sha256:260000$tp5hTxA3QyPqnWVP$f936a702325e871a743ede048118e6384a515f3d720bae89823e463ce228236f","Jessica","Miller","1997-06-05"
